{
  "type":0,
  "device":3,

  "m":1,
  "n":96,

  "rcut":8,
  "rmax":12,

  "beta":1,
  "len":1,
  "gamma":100,
  "epsilon":1,
  "epsilon_bottom":0.1,
  "epsilon_top":1,
  "lambda":0,
  "mu":31.25,
  "sigma":1,
  "pressure":0,

  "delta":[0],

  "sub_x":-150,
  "sub_y":1,
  "sub_h":1,
  "sub_count":300,

  "osub":-150,
  "osub_h":1,
  "osub_count":300,

  "reltol":1e-11,
  "abstol":1e-11,
  "movtol":1e-8,

  "init":[-0.514855,-1.51053,-2.50778,-3.50603,-4.50491,-5.50418,-6.50372,-7.50342,-8.50323,-9.5031,-10.503,-11.503,-12.5029,-13.5029,-14.5029,-15.5029,-16.5029,-17.5029,-18.5029,-19.5029,-20.5029,-21.5029,-22.5029,-23.5029,-24.5029,-25.5029,-26.5029,-27.5029,-28.5029,-29.5029,-30.5029,-31.5029,-32.5029,-33.5029,-34.5029,-35.5029,-36.5029,-37.5029,-38.5029,-39.5029,-40.5029,-41.5029,-42.5029,-43.5029,-44.5029,-45.5029,-46.5029,-47.5029,-48.5029,-49.5029,-50.5029,-51.5029,-52.5029,-53.5029,-54.5029,-55.5029,-56.5029,-57.5029,-58.5029,-59.5029,-60.5029,-61.5029,-62.5029,-63.5029,-64.5029,-65.5029,-66.5029,-67.5029,-68.5029,-69.5029,-70.5029,-71.5029,-72.5029,-73.5029,-74.5029,-75.5029,-76.5029,-77.5029,-78.5029,-79.5029,-80.5029,-81.5029,-82.5029,-83.5029,-84.5029,-85.5029,-86.5028,-87.5028,-88.5028,-89.5027,-90.5027,-91.5025,-92.5023,-93.502,-94.5016,-95.5014,0.852968,0.874265,0.864257,0.863858,0.863931,0.863939,0.86394,0.86394,0.86394,0.86394,0.863939,0.863939,0.863939,0.863939,0.863939,0.863939,0.863939,0.863939,0.863939,0.863939,0.863939,0.863939,0.863939,0.863939,0.863939,0.863939,0.863939,0.863939,0.863939,0.863939,0.863939,0.863939,0.863939,0.863939,0.863939,0.863939,0.863939,0.863939,0.863939,0.863939,0.863939,0.863939,0.863939,0.863939,0.863939,0.863939,0.863939,0.863939,0.863939,0.863939,0.863939,0.863939,0.863939,0.863939,0.863939,0.863939,0.863939,0.863939,0.863939,0.863939,0.863939,0.863939,0.863939,0.863939,0.863939,0.863939,0.863939,0.863939,0.863939,0.863939,0.863939,0.863939,0.863939,0.863939,0.863939,0.863939,0.863939,0.863939,0.863939,0.863939,0.863939,0.863939,0.863939,0.863939,0.863939,0.863939,0.863939,0.863939,0.863939,0.863939,0.863938,0.863938,0.863937,0.863935,0.863931,0.863929,-275.003,1.72765],

  "range":[ 0, 4, 180 ],

  "save":0
}
