{
  "type":1,
  "device":1,

  "m":1,
  "n":96,

  "radius":8,
  "beta":1,
  "len":1,
  "gamma":100,
  "epsilon":1,
  "epsilon_bottom":1,
  "epsilon_top":1,
  "lambda":0,
  "mu":0,
  "sigma":1,
  "pressure":0,

  "delta":[0],

  "sub_x":-100,
  "sub_y":100,
  "sub_h":1,
  "sub_count":150,

  "osub":-100,
  "osub_h":1,
  "osub_count":150,

  "init":[-0.506081,-1.50373,-2.50223,-3.50136,-4.50085,-5.50055,-6.50037,-7.50027,-8.50021,-9.50018,-10.5002,-11.5001,-12.5001,-13.5001,-14.5001,-15.5001,-16.5001,-17.5001,-18.5001,-19.5001,-20.5001,-21.5001,-22.5001,-23.5001,-24.5001,-25.5001,-26.5001,-27.5001,-28.5001,-29.5001,-30.5001,-31.5001,-32.5001,-33.5001,-34.5001,-35.5001,-36.5001,-37.5001,-38.5001,-39.5001,-40.5001,-41.5001,-42.5001,-43.5001,-44.5,-45.4999,-46.4998,-47.4995,-48.499,-49.4983,-50.4969,-51.4946,-52.4907,-53.484,-54.4724,-55.4526,-56.4187,-57.3607,-58.2622,-59.1026,-59.8977,-60.738,-61.6395,-62.5815,-63.5476,-64.5278,-65.5163,-66.5096,-67.5056,-68.5033,-69.502,-70.5012,-71.5008,-72.5005,-73.5003,-74.5003,-75.5002,-76.5002,-77.5002,-78.5001,-79.5001,-80.5001,-81.5001,-82.5001,-83.5001,-84.5001,-85.5001,-86.5001,-87.5001,-88.5001,-89.5,-90.4999,-91.4998,-92.4995,-93.4992,-94.499,0.863645,0.882545,0.875044,0.874802,0.874835,0.874836,0.874836,0.874836,0.874836,0.874836,0.874836,0.874836,0.874836,0.874836,0.874836,0.874836,0.874836,0.874836,0.874836,0.874836,0.874836,0.874836,0.874836,0.874836,0.874836,0.874836,0.874836,0.874836,0.874836,0.874836,0.874836,0.874836,0.874836,0.874836,0.874836,0.874836,0.874836,0.874836,0.874836,0.874836,0.874836,0.874836,0.874836,0.874836,0.874836,0.874836,0.874836,0.874836,0.874835,0.874835,0.874834,0.874832,0.874829,0.874824,0.874816,0.874805,0.874791,0.874784,0.874794,0.874819,0.874853,0.874878,0.874888,0.874881,0.874867,0.874856,0.874848,0.874843,0.87484,0.874838,0.874837,0.874837,0.874836,0.874836,0.874836,0.874836,0.874836,0.874836,0.874836,0.874836,0.874836,0.874836,0.874836,0.874836,0.874836,0.874836,0.874836,0.874836,0.874836,0.874836,0.874836,0.874836,0.874836,0.874836,0.874835,0.874835,-139,1.74967],

  "reltol":1e-9,
  "abstol":1e-9,
  "movtol":1e-8,

  "range":[ 0, 4, 180 ]

}
