{
	"type":2,
	"device":1,

	"m":1,
	"n":96,

	"beta":1,
	"len":1,
	"gamma":100,
	"epsilon":1,
	"epsilon_bottom":0.1,
	"epsilon_top":1,
	"lambda":0,
	"mu":0,
	"sigma":1,
	"pressure":0,

	"delta":[0],

	"sub_x":-100,
	"sub_y":100,
	"sub_h":1,
	"sub_count":150,

	"osub":-100,
	"osub_h":1,
	"osub_count":150,

	"init":[-0.502119,-1.5006,-2.50025,-3.50003,-4.49988,-5.49979,-6.49972,-7.49968,-8.49965,-9.49963,-10.4996,-11.4996,-12.4996,-13.4996,-14.4996,-15.4996,-16.4996,-17.4996,-18.4996,-19.4996,-20.4996,-21.4996,-22.4996,-23.4996,-24.4996,-25.4996,-26.4996,-27.4996,-28.4996,-29.4996,-30.4996,-31.4996,-32.4996,-33.4996,-34.4996,-35.4996,-36.4996,-37.4995,-38.4995,-39.4994,-40.4993,-41.4992,-42.499,-43.4987,-44.4982,-45.4975,-46.4964,-47.4948,-48.4923,-49.4885,-50.4827,-51.4739,-52.4607,-53.4409,-54.4118,-55.3707,-56.3153,-57.2443,-58.1567,-59.0546,-59.9462,-60.8439,-61.7562,-62.6849,-63.6293,-64.588,-65.5587,-66.5388,-67.5255,-68.5166,-69.5108,-70.507,-71.5044,-72.5028,-73.5017,-74.501,-75.5005,-76.5002,-77.5,-78.4999,-79.4998,-80.4997,-81.4997,-82.4996,-83.4996,-84.4996,-85.4996,-86.4995,-87.4995,-88.4994,-89.4993,-90.4992,-91.499,-92.4987,-93.4982,-94.498,0.873787,0.922072,0.911975,0.911243,0.911302,0.91131,0.91131,0.91131,0.91131,0.91131,0.91131,0.91131,0.91131,0.91131,0.91131,0.91131,0.91131,0.91131,0.91131,0.91131,0.91131,0.91131,0.91131,0.91131,0.91131,0.91131,0.91131,0.91131,0.91131,0.91131,0.91131,0.91131,0.91131,0.91131,0.91131,0.91131,0.91131,0.91131,0.91131,0.91131,0.91131,0.911309,0.911309,0.911308,0.911305,0.911299,0.911284,0.91125,0.911172,0.910992,0.91058,0.909649,0.907601,0.903314,0.895159,0.882086,0.866135,0.852474,0.844168,0.840631,0.840585,0.844021,0.852221,0.865809,0.881778,0.894942,0.903186,0.907533,0.909614,0.910562,0.910982,0.911167,0.911248,0.911283,0.911298,0.911304,0.911307,0.911309,0.911309,0.911309,0.91131,0.91131,0.91131,0.91131,0.91131,0.91131,0.91131,0.91131,0.91131,0.91131,0.91131,0.911309,0.911309,0.911308,0.911305,0.911303,-139,1.77827],
	
	"reltol":1e-11,
	"abstol":1e-11,
	"movtol":1e-7,

	"range":[	[0, 48, 144],
						[4, 48, 148],
						[8, 48, 152],
						[12, 48, 156],
						[16, 48, 160],
						[20, 48, 164],
						[24, 48, 168],
						[28, 48, 172],
						[32, 48, 176],
						[36, 48, 180],
						[40, 48, 180],
						[44, 48, 180] ]

}
