{
   "lambda":14,
   "mu":7,

   "abstol":1e-11,
   "beta":10,
   "delta":[0],
   "device":3,
   "epsilon":1,
   "epsilon_bottom":0.1,
   "epsilon_subs":0,
   "epsilon_top":1,
   "f2f_switch":true,
   "f2l_switch":true,
   "f2u_switch":true,
   "gamma":100,
   "init":[-6.70418e-12,-1.8927e-11,-3.58209e-11,-5.65524e-11,-8.02947e-11,-1.06238e-10,-1.33599e-10,-1.61623e-10,-1.89598e-10,-2.16859e-10,-2.42795e-10,-2.66855e-10,-2.88556e-10,-3.07484e-10,-3.23301e-10,-3.35746e-10,-3.44634e-10,-3.49858e-10,-3.51387e-10,-3.49261e-10,-3.43588e-10,-3.34541e-10,-3.22348e-10,-3.07286e-10,-2.89674e-10,-2.69865e-10,-2.48235e-10,-2.25179e-10,-2.01098e-10,-1.76393e-10,-1.51455e-10,-1.26663e-10,-1.02369e-10,-7.89002e-11,-5.65505e-11,-3.55762e-11,-1.61941e-11,1.4206e-12,1.71352e-11,3.08598e-11,4.25457e-11,5.21846e-11,5.9805e-11,6.547e-11,6.9273e-11,7.13341e-11,7.17952e-11,7.0816e-11,6.85689e-11,6.5235e-11,6.09992e-11,5.60464e-11,5.05575e-11,4.4706e-11,3.86553e-11,3.25556e-11,2.65424e-11,2.07349e-11,1.52347e-11,1.01256e-11,5.47355e-12,1.32664e-12,-2.2838e-12,-5.34233e-12,-7.84804e-12,-9.81304e-12,-1.12607e-11,-1.2224e-11,-1.27436e-11,-1.28659e-11,-1.26415e-11,-1.21233e-11,-1.13649e-11,-1.04195e-11,-9.33814e-12,-8.1689e-12,-6.95597e-12,-5.7389e-12,-4.55212e-12,-3.42457e-12,-2.37956e-12,-1.43479e-12,-6.02446e-13,1.10479e-13,7.01821e-13,1.17375e-12,1.53223e-12,1.78636e-12,1.94775e-12,2.02974e-12,2.04673e-12,2.01338e-12,1.94388e-12,1.85111e-12,1.74592e-12,1.63629e-12,0.999248,1.99865,2.99765,3.99662,4.99559,5.99456,6.99353,7.99249,8.99146,9.99043,10.9894,11.9884,12.9873,13.9863,14.9853,15.9842,16.9832,17.9822,18.9811,19.9801,20.9791,21.978,22.977,23.976,24.975,25.9739,26.9729,27.9719,28.9708,29.9698,30.9688,31.9677,32.9667,33.9657,34.9646,35.9636,36.9626,37.9615,38.9605,39.9595,40.9584,41.9574,42.9564,43.9553,44.9543,45.9533,46.9522,47.9512,48.9502,49.9492,50.9481,51.9471,52.9461,53.945,54.944,55.943,56.9419,57.9409,58.9399,59.9388,60.9378,61.9368,62.9357,63.9347,64.9337,65.9326,66.9316,67.9306,68.9295,69.9285,70.9275,71.9265,72.9254,73.9244,74.9234,75.9223,76.9213,77.9203,78.9192,79.9182,80.9172,81.9161,82.9151,83.9141,84.913,85.912,86.911,87.9099,88.9089,89.9079,90.9068,91.9058,92.9048,93.9038,94.9028,95.9023,-200,110],
   "len":1,
   "m":1,
   "movtol":1e-08,
   "n":96,
   "osub":-100,
   "osub_count":200,
   "osub_h":1,
   "pressure":0,
   "range":[4,0.5,176.5],
   "range2":[2,0.25,22.25],
   "rcut":8,
   "reltol":1e-11,
   "rmax":12,
   "s2s_switch":false,
   "save":0,
   "sigma":1,
   "sub_count":400,
   "sub_h":1,
   "sub_x":-200,
   "sub_y":110,
   "type":0,
   "save_step":1000
}
