{
  "type":1,
  "device":3,

  "m":1,
  "n":96,

  "rcut":8,
  "rmax":12,

  "beta":1,
  "len":1,
  "gamma":100,
  "epsilon":1,
  "epsilon_bottom":1,
  "epsilon_top":10,
  "lambda":0,
  "mu":0,
  "sigma":1,
  "pressure":0,

  "delta":[0],

  "sub_x":-150,
  "sub_y":1,
  "sub_h":1,
  "sub_count":300,

  "osub":-150,
  "osub_h":1,
  "osub_count":300,

  "reltol":1e-11,
  "abstol":1e-11,
  "movtol":1e-8,

  "init":[-0.502409,-1.50097,-2.50046,-3.50032,-4.50028,-5.50027,-6.50027,-7.50027,-8.50027,-9.50027,-10.5003,-11.5003,-12.5003,-13.5003,-14.5003,-15.5003,-16.5003,-17.5003,-18.5003,-19.5003,-20.5003,-21.5003,-22.5003,-23.5003,-24.5003,-25.5003,-26.5003,-27.5003,-28.5003,-29.5003,-30.5003,-31.5003,-32.5003,-33.5003,-34.5003,-35.5003,-36.5003,-37.5003,-38.5003,-39.5003,-40.5003,-41.5003,-42.5003,-43.5003,-44.5003,-45.5003,-46.5003,-47.5003,-48.5003,-49.5003,-50.5003,-51.5003,-52.5003,-53.5003,-54.5003,-55.5003,-56.5003,-57.5003,-58.5003,-59.5003,-60.5003,-61.5003,-62.5003,-63.5003,-64.5003,-65.5003,-66.5003,-67.5003,-68.5003,-69.5003,-70.5003,-71.5003,-72.5003,-73.5003,-74.5003,-75.5003,-76.5003,-77.5003,-78.5003,-79.5003,-80.5003,-81.5003,-82.5003,-83.5003,-84.5003,-85.5003,-86.5003,-87.5003,-88.5003,-89.5003,-90.5003,-91.5003,-92.5002,-93.5002,-94.5001,-95.5,0.86232,0.864899,0.863687,0.863681,0.863682,0.863682,0.863682,0.863682,0.863682,0.863682,0.863682,0.863682,0.863682,0.863682,0.863682,0.863682,0.863682,0.863682,0.863682,0.863682,0.863682,0.863682,0.863682,0.863682,0.863682,0.863682,0.863682,0.863682,0.863682,0.863682,0.863682,0.863682,0.863682,0.863682,0.863682,0.863682,0.863682,0.863682,0.863682,0.863682,0.863682,0.863682,0.863682,0.863682,0.863682,0.863682,0.863682,0.863682,0.863682,0.863682,0.863682,0.863682,0.863682,0.863682,0.863682,0.863682,0.863682,0.863682,0.863682,0.863682,0.863682,0.863682,0.863682,0.863682,0.863682,0.863682,0.863682,0.863682,0.863682,0.863682,0.863682,0.863682,0.863682,0.863682,0.863682,0.863682,0.863682,0.863682,0.863682,0.863682,0.863682,0.863682,0.863682,0.863682,0.863682,0.863682,0.863682,0.863682,0.863682,0.863682,0.863682,0.863682,0.863682,0.863682,0.863682,0.863682,-150,1.72737],

  "range":[ 0, 4, 180 ],

  "save":6
}
