{
  "type":1,
  "device":3,

  "m":1,
  "n":96,

  "rcut":8,
  "rmax":12,

  "beta":1,
  "len":1,
  "gamma":100,
  "epsilon":1,
  "epsilon_bottom":1,
  "epsilon_top":1,
  "lambda":0,
  "mu":0,
  "sigma":1,
  "pressure":1,

  "delta":[0],

  "sub_x":-150,
  "sub_y":1,
  "sub_h":1,
  "sub_count":300,

  "osub":-150,
  "osub_h":1,
  "osub_count":0,

  "reltol":1e-11,
  "abstol":1e-11,
  "movtol":1e-8,

  "init":[-0.49556,-1.49503,-2.49458,-3.49426,-4.49406,-5.49392,-6.49383,-7.49378,-8.49374,-9.49371,-10.4937,-11.4937,-12.4937,-13.4937,-14.4937,-15.4937,-16.4937,-17.4937,-18.4937,-19.4937,-20.4937,-21.4937,-22.4937,-23.4937,-24.4937,-25.4937,-26.4937,-27.4937,-28.4937,-29.4937,-30.4937,-31.4937,-32.4937,-33.4937,-34.4937,-35.4937,-36.4937,-37.4937,-38.4937,-39.4937,-40.4937,-41.4937,-42.4937,-43.4937,-44.4937,-45.4937,-46.4937,-47.4937,-48.4937,-49.4937,-50.4937,-51.4937,-52.4937,-53.4937,-54.4937,-55.4937,-56.4937,-57.4937,-58.4937,-59.4937,-60.4937,-61.4937,-62.4937,-63.4937,-64.4937,-65.4937,-66.4937,-67.4937,-68.4937,-69.4937,-70.4937,-71.4937,-72.4937,-73.4937,-74.4937,-75.4937,-76.4937,-77.4937,-78.4937,-79.4937,-80.4937,-81.4937,-82.4937,-83.4937,-84.4936,-85.4936,-86.4936,-87.4936,-88.4936,-89.4935,-90.4934,-91.4933,-92.4931,-93.4927,-94.4923,-95.4921,0.878231,0.896475,0.890983,0.890839,0.890857,0.890858,0.890858,0.890858,0.890858,0.890858,0.890858,0.890858,0.890858,0.890858,0.890858,0.890858,0.890858,0.890858,0.890858,0.890858,0.890858,0.890858,0.890858,0.890858,0.890858,0.890858,0.890858,0.890858,0.890858,0.890858,0.890858,0.890858,0.890858,0.890858,0.890858,0.890858,0.890858,0.890858,0.890858,0.890858,0.890858,0.890858,0.890858,0.890858,0.890858,0.890858,0.890858,0.890858,0.890858,0.890858,0.890858,0.890858,0.890858,0.890858,0.890858,0.890858,0.890858,0.890858,0.890858,0.890858,0.890858,0.890858,0.890858,0.890858,0.890858,0.890858,0.890858,0.890858,0.890858,0.890858,0.890858,0.890858,0.890858,0.890858,0.890858,0.890858,0.890858,0.890858,0.890858,0.890858,0.890858,0.890858,0.890858,0.890858,0.890858,0.890858,0.890858,0.890858,0.890858,0.890858,0.890858,0.890857,0.890857,0.890857,0.890855,0.890855,-149.994,1.75449],

  "range":[ 0, 4, 180 ],

  "save":8
}
