{
  "type":1,
  "device":3,

  "m":1,
  "n":96,

  "rcut":8,
  "rmax":12,

  "beta":1,
  "len":1,
  "gamma":100,
  "epsilon":1,
  "epsilon_bottom":1,
  "epsilon_top":1,
  "lambda":0,
  "mu":0,
  "sigma":1,
  "pressure":0,

  "delta":[0],

  "sub_x":-150,
  "sub_y":1,
  "sub_h":1,
  "sub_count":300,

  "osub":-150,
  "osub_h":1,
  "osub_count":300,

  "reltol":1e-11,
  "abstol":1e-11,
  "movtol":1e-8,

  "init":[-0.507988,-1.50468,-2.50266,-3.50154,-4.50092,-5.50058,-6.50039,-7.50028,-8.50023,-9.50019,-10.5002,-11.5002,-12.5002,-13.5002,-14.5002,-15.5002,-16.5002,-17.5002,-18.5002,-19.5002,-20.5002,-21.5002,-22.5002,-23.5002,-24.5002,-25.5002,-26.5002,-27.5002,-28.5002,-29.5002,-30.5002,-31.5002,-32.5002,-33.5002,-34.5002,-35.5002,-36.5002,-37.5002,-38.5002,-39.5002,-40.5002,-41.5002,-42.5002,-43.5002,-44.5002,-45.5002,-46.5002,-47.5002,-48.5002,-49.5002,-50.5002,-51.5002,-52.5002,-53.5002,-54.5002,-55.5002,-56.5002,-57.5002,-58.5002,-59.5002,-60.5002,-61.5002,-62.5002,-63.5002,-64.5002,-65.5002,-66.5002,-67.5002,-68.5002,-69.5002,-70.5002,-71.5002,-72.5002,-73.5002,-74.5002,-75.5002,-76.5002,-77.5002,-78.5002,-79.5002,-80.5002,-81.5002,-82.5002,-83.5002,-84.5002,-85.5002,-86.5001,-87.5001,-88.5001,-89.5001,-90.5001,-91.5,-92.4999,-93.4997,-94.4993,-95.4992,0.857625,0.870151,0.863835,0.863683,0.863706,0.863707,0.863706,0.863706,0.863706,0.863706,0.863706,0.863706,0.863706,0.863706,0.863706,0.863706,0.863706,0.863706,0.863706,0.863706,0.863706,0.863706,0.863706,0.863706,0.863706,0.863706,0.863706,0.863706,0.863706,0.863706,0.863706,0.863706,0.863706,0.863706,0.863706,0.863706,0.863706,0.863706,0.863706,0.863706,0.863706,0.863706,0.863706,0.863706,0.863706,0.863706,0.863706,0.863706,0.863706,0.863706,0.863706,0.863706,0.863706,0.863706,0.863706,0.863706,0.863706,0.863706,0.863706,0.863706,0.863706,0.863706,0.863706,0.863706,0.863706,0.863706,0.863706,0.863706,0.863706,0.863706,0.863706,0.863706,0.863706,0.863706,0.863706,0.863706,0.863706,0.863706,0.863706,0.863706,0.863706,0.863706,0.863706,0.863706,0.863706,0.863706,0.863706,0.863706,0.863706,0.863706,0.863706,0.863706,0.863706,0.863706,0.863706,0.863705,-150,1.72741],

  "range":[ 0, 4, 180 ],

  "save":10
}
