{
  "type":0,
  "device":3,

  "m":1,
  "n":96,

  "rcut":8,
  "rmax":12,

  "beta":1,
  "len":1,
  "gamma":100,
  "epsilon":1,
  "epsilon_bottom":1,
  "epsilon_top":1,
  "lambda":-4.39183e-15,
  "mu":-27.8807,
  "sigma":1,
  "pressure":10,

  "delta":[0],

  "sub_x":-150,
  "sub_y":1,
  "sub_h":1,
  "sub_count":300,

  "osub":-150,
  "osub_h":1,
  "osub_count":0,

  "reltol":1e-11,
  "abstol":1e-11,
  "movtol":1e-8,

  "init":[-0.479758,-1.47951,-2.47906,-3.47874,-4.47853,-5.47839,-6.4783,-7.47824,-8.4782,-9.47818,-10.4782,-11.4781,-12.4781,-13.4781,-14.4781,-15.4781,-16.4781,-17.4781,-18.4781,-19.4781,-20.4781,-21.4781,-22.4781,-23.4781,-24.4781,-25.4781,-26.4781,-27.4781,-28.4781,-29.4781,-30.4781,-31.4781,-32.4781,-33.4781,-34.4781,-35.4781,-36.4781,-37.4781,-38.4781,-39.4781,-40.4781,-41.4781,-42.4781,-43.4781,-44.4781,-45.4781,-46.4781,-47.4781,-48.4781,-49.4781,-50.4781,-51.4781,-52.4781,-53.4781,-54.4781,-55.4781,-56.4781,-57.4781,-58.4781,-59.4781,-60.4781,-61.4781,-62.4781,-63.4781,-64.4781,-65.4781,-66.4781,-67.4781,-68.4781,-69.4781,-70.4781,-71.4781,-72.4781,-73.4781,-74.4781,-75.4781,-76.4781,-77.4781,-78.4781,-79.4781,-80.4781,-81.4781,-82.4781,-83.4781,-84.4781,-85.4781,-86.4781,-87.4781,-88.478,-89.478,-90.4779,-91.4777,-92.4775,-93.4772,-94.4767,-95.4765,0.888575,0.891893,0.890901,0.890897,0.890898,0.890898,0.890898,0.890898,0.890898,0.890898,0.890898,0.890898,0.890898,0.890898,0.890898,0.890898,0.890898,0.890898,0.890898,0.890898,0.890898,0.890898,0.890898,0.890898,0.890898,0.890898,0.890898,0.890898,0.890898,0.890898,0.890898,0.890898,0.890898,0.890898,0.890898,0.890898,0.890898,0.890898,0.890898,0.890898,0.890898,0.890898,0.890898,0.890898,0.890898,0.890898,0.890898,0.890898,0.890898,0.890898,0.890898,0.890898,0.890898,0.890898,0.890898,0.890898,0.890898,0.890898,0.890898,0.890898,0.890898,0.890898,0.890898,0.890898,0.890898,0.890898,0.890898,0.890898,0.890898,0.890898,0.890898,0.890898,0.890898,0.890898,0.890898,0.890898,0.890898,0.890898,0.890898,0.890898,0.890898,0.890898,0.890898,0.890898,0.890898,0.890898,0.890898,0.890898,0.890898,0.890898,0.890898,0.890898,0.890898,0.890898,0.890897,0.890897,-149.978,1.75458],

  "range":[ 0, 4, 180 ],

  "save":9
}
