{
   "lambda":3,
   "mu":2,

   "abstol":1e-11,
   "beta":1000,
   "delta":[0],
   "device":3,
   "epsilon":1,
   "epsilon_bottom":1,
   "epsilon_subs":0,
   "epsilon_top":1,
   "f2f_switch":true,
   "f2l_switch":true,
   "f2u_switch":true,
   "gamma":100,
   "init":[-7.63979e-14,-2.25647e-13,-4.43792e-13,-7.27065e-13,-1.07175e-12,-1.47414e-12,-1.93053e-12,-2.43724e-12,-2.99058e-12,-3.58689e-12,-4.22252e-12,-4.89383e-12,-5.59722e-12,-6.3291e-12,-7.08592e-12,-7.86417e-12,-8.66037e-12,-9.47108e-12,-1.02929e-11,-1.11225e-11,-1.19567e-11,-1.27921e-11,-1.36256e-11,-1.44542e-11,-1.52747e-11,-1.60844e-11,-1.68802e-11,-1.76595e-11,-1.84196e-11,-1.91578e-11,-1.98716e-11,-2.05587e-11,-2.12168e-11,-2.18436e-11,-2.24371e-11,-2.29953e-11,-2.35163e-11,-2.39984e-11,-2.444e-11,-2.48396e-11,-2.51957e-11,-2.55071e-11,-2.57727e-11,-2.59915e-11,-2.61625e-11,-2.6285e-11,-2.63583e-11,-2.63819e-11,-2.63554e-11,-2.62786e-11,-2.61513e-11,-2.59733e-11,-2.57449e-11,-2.54662e-11,-2.51375e-11,-2.47592e-11,-2.43319e-11,-2.38561e-11,-2.33326e-11,-2.27623e-11,-2.2146e-11,-2.14847e-11,-2.07796e-11,-2.00318e-11,-1.92425e-11,-1.84131e-11,-1.75449e-11,-1.66393e-11,-1.5698e-11,-1.47223e-11,-1.37139e-11,-1.26743e-11,-1.16053e-11,-1.05085e-11,-9.38548e-12,-8.23803e-12,-7.06782e-12,-5.87653e-12,-4.66581e-12,-3.43733e-12,-2.1927e-12,-9.33525e-13,3.38662e-13,1.62236e-12,2.91612e-12,4.21857e-12,5.52841e-12,6.8444e-12,8.16541e-12,9.49041e-12,1.08184e-11,1.21487e-11,1.34804e-11,1.48131e-11,1.61463e-11,1.74803e-11,0.994288,1.99276,2.99166,3.99062,4.98958,5.98855,6.98752,7.98649,8.98545,9.98442,10.9834,11.9824,12.9813,13.9803,14.9793,15.9782,16.9772,17.9762,18.9751,19.9741,20.9731,21.972,22.971,23.97,24.9689,25.9679,26.9669,27.9658,28.9648,29.9638,30.9628,31.9617,32.9607,33.9597,34.9586,35.9576,36.9566,37.9555,38.9545,39.9535,40.9524,41.9514,42.9504,43.9493,44.9483,45.9473,46.9462,47.9452,48.9442,49.9431,50.9421,51.9411,52.9401,53.939,54.938,55.937,56.9359,57.9349,58.9339,59.9328,60.9318,61.9308,62.9297,63.9287,64.9277,65.9266,66.9256,67.9246,68.9235,69.9225,70.9215,71.9204,72.9194,73.9184,74.9173,75.9163,76.9153,77.9143,78.9132,79.9122,80.9112,81.9101,82.9091,83.9081,84.907,85.906,86.905,87.9039,88.9029,89.9019,90.9008,91.8998,92.8988,93.8978,94.8968,95.8963,-200,110],
   "len":1,
   "m":1,
   "movtol":1e-08,
   "n":96,
   "osub":-100,
   "osub_count":200,
   "osub_h":1,
   "pressure":0,
   "range":[4,0.5,176.5],
   "range2":[2,0.25,22.25],
   "rcut":8,
   "reltol":1e-11,
   "rmax":12,
   "s2s_switch":false,
   "save":0,
   "sigma":1,
   "sub_count":400,
   "sub_h":1,
   "sub_x":-200,
   "sub_y":110,
   "type":0,
   "save_step":1000
}
