{
   "abstol":1e-11,
   "beta":10,
   "delta":[0],
   "device":3,
   "epsilon":1,
   "epsilon_bottom":1,
   "epsilon_subs":0,
   "epsilon_top":1,
   "f2f_switch":true,
   "f2l_switch":true,
   "f2u_switch":true,
   "gamma":100,
   "init":[-1.5184e-11,-3.61502e-11,-6.07035e-11,-8.78743e-11,-1.16859e-10,-1.46912e-10,-1.77331e-10,-2.07453e-10,-2.36662e-10,-2.6439e-10,-2.90127e-10,-3.13423e-10,-3.33892e-10,-3.51216e-10,-3.65146e-10,-3.75503e-10,-3.82179e-10,-3.85136e-10,-3.84401e-10,-3.80063e-10,-3.72272e-10,-3.6123e-10,-3.47186e-10,-3.30432e-10,-3.11291e-10,-2.90113e-10,-2.67268e-10,-2.43135e-10,-2.18097e-10,-1.92536e-10,-1.66821e-10,-1.41307e-10,-1.16324e-10,-9.21788e-11,-6.9145e-11,-4.74628e-11,-2.73358e-11,-8.92965e-12,7.62907e-12,2.22524e-11,3.48903e-11,4.55291e-11,5.41895e-11,6.09234e-11,6.58114e-11,6.89586e-11,7.04914e-11,7.05532e-11,6.93005e-11,6.68989e-11,6.35193e-11,5.9334e-11,5.45135e-11,4.92231e-11,4.36203e-11,3.78524e-11,3.20543e-11,2.63472e-11,2.08374e-11,1.56153e-11,1.07554e-11,6.31614e-12,2.34054e-12,-1.14345e-12,-4.12177e-12,-6.59318e-12,-8.56784e-12,-1.00659e-11,-1.1116e-11,-1.17535e-11,-1.20191e-11,-1.19571e-11,-1.16141e-11,-1.10376e-11,-1.02745e-11,-9.3703e-12,-8.3678e-12,-7.30656e-12,-6.22212e-12,-5.14553e-12,-4.10302e-12,-3.11582e-12,-2.20015e-12,-1.36733e-12,-6.2399e-13,2.75735e-14,5.88964e-13,1.06517e-12,1.46395e-12,1.79522e-12,2.07036e-12,2.30141e-12,2.50043e-12,2.67863e-12,2.84563e-12,3.00869e-12,0.968444,1.96544,2.96407,3.96294,4.96187,5.96082,6.95978,7.95874,8.95771,9.95667,10.9556,11.9546,12.9536,13.9525,14.9515,15.9505,16.9494,17.9484,18.9474,19.9463,20.9453,21.9443,22.9433,23.9422,24.9412,25.9402,26.9391,27.9381,28.9371,29.936,30.935,31.934,32.9329,33.9319,34.9309,35.9298,36.9288,37.9278,38.9267,39.9257,40.9247,41.9236,42.9226,43.9216,44.9206,45.9195,46.9185,47.9175,48.9164,49.9154,50.9144,51.9133,52.9123,53.9113,54.9102,55.9092,56.9082,57.9071,58.9061,59.9051,60.904,61.903,62.902,63.9009,64.8999,65.8989,66.8979,67.8968,68.8958,69.8948,70.8937,71.8927,72.8917,73.8906,74.8896,75.8886,76.8875,77.8865,78.8855,79.8844,80.8834,81.8824,82.8813,83.8803,84.8793,85.8782,86.8772,87.8762,88.8751,89.8741,90.8731,91.8721,92.871,93.87,94.869,95.8685,-200,110],
   "lambda":0,
   "len":1,
   "m":1,
   "movtol":1e-08,
   "mu":0,
   "n":96,
   "osub":-100,
   "osub_count":0,
   "osub_h":1,
   "pressure":1,
   "range":[48,0.5,92],
   "range2":[2,0.25,22.25],
   "rcut":8,
   "reltol":1e-11,
   "rmax":12,
   "s2s_switch":false,
   "save":2,
   "sigma":1,
   "sub_count":400,
   "sub_h":1,
   "sub_x":-200,
   "sub_y":110,
   "type":2,
   "save_all":false
}
