{
	"abstol":1e-11,
	"beta":100,
	"delta":[0],
	"device":3,
	"epsilon":1,
	"epsilon_bottom":1,
	"epsilon_subs":0,
	"epsilon_top":1,
	"f2f_switch":true,
	"f2l_switch":true,
	"f2u_switch":true,
	"gamma":100,
	"init":[-1.01203e-12,-2.90687e-12,-5.59286e-12,-8.98385e-12,-1.2995e-11,-1.75422e-11,-2.25422e-11,-2.79132e-11,-3.35746e-11,-3.94478e-11,-4.54565e-11,-5.15268e-11,-5.75879e-11,-6.35719e-11,-6.9415e-11,-7.50569e-11,-8.04418e-11,-8.55182e-11,-9.02393e-11,-9.45634e-11,-9.84537e-11,-1.01879e-10,-1.04812e-10,-1.07232e-10,-1.09124e-10,-1.10478e-10,-1.11287e-10,-1.11552e-10,-1.11278e-10,-1.10473e-10,-1.09152e-10,-1.07333e-10,-1.05037e-10,-1.0229e-10,-9.91199e-11,-9.55586e-11,-9.16397e-11,-8.73989e-11,-8.28737e-11,-7.81027e-11,-7.31254e-11,-6.79816e-11,-6.27115e-11,-5.73546e-11,-5.195e-11,-4.65356e-11,-4.11482e-11,-3.58228e-11,-3.05927e-11,-2.54892e-11,-2.0541e-11,-1.57747e-11,-1.12142e-11,-6.8807e-12,-2.79268e-12,1.03413e-12,4.5868e-12,7.85515e-12,1.08317e-11,1.35116e-11,1.58926e-11,1.79747e-11,1.97603e-11,2.12537e-11,2.24614e-11,2.33914e-11,2.40533e-11,2.44582e-11,2.4618e-11,2.45459e-11,2.42554e-11,2.37611e-11,2.30773e-11,2.2219e-11,2.12009e-11,2.00375e-11,1.87432e-11,1.73318e-11,1.58164e-11,1.42098e-11,1.25238e-11,1.07694e-11,8.95695e-12,7.09565e-12,5.19395e-12,3.25937e-12,1.29853e-12,-6.82829e-13,-2.6798e-12,-4.68827e-12,-6.70488e-12,-8.72694e-12,-1.07524e-11,-1.27797e-11,-1.4808e-11,-1.68376e-11,0.994288,1.99276,2.99166,3.99062,4.98958,5.98855,6.98752,7.98649,8.98545,9.98442,10.9834,11.9824,12.9813,13.9803,14.9793,15.9782,16.9772,17.9762,18.9751,19.9741,20.9731,21.972,22.971,23.97,24.9689,25.9679,26.9669,27.9658,28.9648,29.9638,30.9628,31.9617,32.9607,33.9597,34.9586,35.9576,36.9566,37.9555,38.9545,39.9535,40.9524,41.9514,42.9504,43.9493,44.9483,45.9473,46.9462,47.9452,48.9442,49.9431,50.9421,51.9411,52.9401,53.939,54.938,55.937,56.9359,57.9349,58.9339,59.9328,60.9318,61.9308,62.9297,63.9287,64.9277,65.9266,66.9256,67.9246,68.9235,69.9225,70.9215,71.9204,72.9194,73.9184,74.9173,75.9163,76.9153,77.9143,78.9132,79.9122,80.9112,81.9101,82.9091,83.9081,84.907,85.906,86.905,87.9039,88.9029,89.9019,90.9008,91.8998,92.8988,93.8978,94.8968,95.8963,-200,110],
	"lambda":0,
	"len":1,
	"m":1,
	"movtol":1e-08,
	"mu":0,
	"n":96,
	"osub":-100,
	"osub_count":200,
	"osub_h":1,
	"pressure":0,
	"range":[136,0.5,176.5],
	"range2":[2,0.25,22.25],
	"rcut":8,
	"reltol":1e-11,
	"rmax":12,
	"s2s_switch":false,
	"save":4,
	"sigma":1,
	"sub_count":400,
	"sub_h":1,
	"sub_x":-200,
	"sub_y":110,
	"type":2,
	"save_all":false
}
