{
  "type":0,
  "device":3,

  "m":5,
  "n":96,

  "rcut":8,
  "rmax":12,

  "beta":5,
  "len":1,
  "gamma":100,
  "epsilon":1,
  "epsilon_bottom":1,
  "epsilon_top":1,
  "lambda":0,
  "mu":0,
  "sigma":1,
  "pressure":0,

  "delta":[-20, -10, 0, 10, 20],

  "sub_x":-200,
  "sub_y":110,
  "sub_h":1,
  "sub_count":400,

  "osub":-200,
  "osub_h":1,
  "osub_count":400,

  "reltol":1e-11,
  "abstol":1e-11,
  "movtol":1e-8,

  "init":[-20,-20,-20,-20,-20,-20,-20,-20,-20,-20,-20,-20,-20,-20,-20,-20,-20,-20,-20,-20,-20,-20,-20,-20,-20,-20,-20,-20,-20,-20,-20,-20,-20,-20,-20,-20,-20,-20,-20,-20,-20,-20,-20,-20,-20,-20,-20,-20,-20,-20,-20,-20,-20,-20,-20,-20,-20,-20,-20,-20,-20,-20,-20,-20,-20,-20,-20,-20,-20,-20,-20,-20,-20,-20,-20,-20,-20,-20,-20,-20,-20,-20,-20,-20,-20,-20,-20,-20,-20,-20,-20,-20,-20,-20,-20,-20,-10,-10,-10,-10,-10,-10,-10,-10,-10,-10,-10,-10,-10,-10,-10,-10,-10,-10,-10,-10,-10,-10,-10,-10,-10,-10,-10,-10,-10,-10,-10,-10,-10,-10,-10,-10,-10,-10,-10,-10,-10,-10,-10,-10,-10,-10,-10,-10,-10,-10,-10,-10,-10,-10,-10,-10,-10,-10,-10,-10,-10,-10,-10,-10,-10,-10,-10,-10,-10,-10,-10,-10,-10,-10,-10,-10,-10,-10,-10,-10,-10,-10,-10,-10,-10,-10,-10,-10,-10,-10,-10,-10,-10,-10,-10,-10,-7.82162e-11,-1.45062e-10,-1.88154e-10,-2.03529e-10,-1.97898e-10,-1.81862e-10,-1.65676e-10,-1.55885e-10,-1.54502e-10,-1.59929e-10,-1.68637e-10,-1.76837e-10,-1.81634e-10,-1.81536e-10,-1.7639e-10,-1.66982e-10,-1.54537e-10,-1.40286e-10,-1.25204e-10,-1.09916e-10,-9.47413e-11,-7.97999e-11,-6.51349e-11,-5.08034e-11,-3.69247e-11,-2.36843e-11,-1.13112e-11,-4.09129e-14,9.91849e-12,1.84114e-11,2.53463e-11,3.0696e-11,3.44898e-11,3.68031e-11,3.77455e-11,3.74511e-11,3.60715e-11,3.37699e-11,3.07175e-11,2.7089e-11,2.30593e-11,1.87989e-11,1.44695e-11,1.02194e-11,6.17965e-12,2.46065e-12,-8.50019e-13,-3.68876e-12,-6.01595e-12,-7.81494e-12,-9.09016e-12,-9.86457e-12,-1.01766e-11,-1.0077e-11,-9.6251e-12,-8.88573e-12,-7.92594e-12,-6.81211e-12,-5.60748e-12,-4.37009e-12,-3.1512e-12,-1.99423e-12,-9.3411e-13,2.9037e-15,7.99056e-13,1.44458e-12,1.93696e-12,2.27996e-12,2.48261e-12,2.55805e-12,2.52246e-12,2.39394e-12,2.19151e-12,1.93427e-12,1.64063e-12,1.32765e-12,1.01063e-12,7.02777e-13,4.14967e-13,1.55728e-13,-6.87415e-14,-2.54448e-13,-3.99405e-13,-5.03392e-13,-5.67676e-13,-5.94726e-13,-5.87918e-13,-5.51258e-13,-4.89122e-13,-4.0602e-13,-3.06387e-13,-1.94405e-13,-7.38471e-14,5.20547e-14,1.80729e-13,3.10422e-13,10,10,10,10,10,10,10,10,10,10,10,10,10,10,10,10,10,10,10,10,10,10,10,10,10,10,10,10,10,10,10,10,10,10,10,10,10,10,10,10,10,10,10,10,10,10,10,10,10,10,10,10,10,10,10,10,10,10,10,10,10,10,10,10,10,10,10,10,10,10,10,10,10,10,10,10,10,10,10,10,10,10,10,10,10,10,10,10,10,10,10,10,10,10,10,10,20,20,20,20,20,20,20,20,20,20,20,20,20,20,20,20,20,20,20,20,20,20,20,20,20,20,20,20,20,20,20,20,20,20,20,20,20,20,20,20,20,20,20,20,20,20,20,20,20,20,20,20,20,20,20,20,20,20,20,20,20,20,20,20,20,20,20,20,20,20,20,20,20,20,20,20,20,20,20,20,20,20,20,20,20,20,20,20,20,20,20,20,20,20,20,20,0.994288,1.99276,2.99166,3.99062,4.98958,5.98855,6.98752,7.98649,8.98545,9.98442,10.9834,11.9824,12.9813,13.9803,14.9793,15.9782,16.9772,17.9762,18.9751,19.9741,20.9731,21.972,22.971,23.97,24.9689,25.9679,26.9669,27.9658,28.9648,29.9638,30.9628,31.9617,32.9607,33.9597,34.9586,35.9576,36.9566,37.9555,38.9545,39.9535,40.9524,41.9514,42.9504,43.9493,44.9483,45.9473,46.9462,47.9452,48.9442,49.9431,50.9421,51.9411,52.9401,53.939,54.938,55.937,56.9359,57.9349,58.9339,59.9328,60.9318,61.9308,62.9297,63.9287,64.9277,65.9266,66.9256,67.9246,68.9235,69.9225,70.9215,71.9204,72.9194,73.9184,74.9173,75.9163,76.9153,77.9143,78.9132,79.9122,80.9112,81.9101,82.9091,83.9081,84.907,85.906,86.905,87.9039,88.9029,89.9019,90.9008,91.8998,92.8988,93.8978,94.8968,95.8963,0.994288,1.99276,2.99166,3.99062,4.98958,5.98855,6.98752,7.98649,8.98545,9.98442,10.9834,11.9824,12.9813,13.9803,14.9793,15.9782,16.9772,17.9762,18.9751,19.9741,20.9731,21.972,22.971,23.97,24.9689,25.9679,26.9669,27.9658,28.9648,29.9638,30.9628,31.9617,32.9607,33.9597,34.9586,35.9576,36.9566,37.9555,38.9545,39.9535,40.9524,41.9514,42.9504,43.9493,44.9483,45.9473,46.9462,47.9452,48.9442,49.9431,50.9421,51.9411,52.9401,53.939,54.938,55.937,56.9359,57.9349,58.9339,59.9328,60.9318,61.9308,62.9297,63.9287,64.9277,65.9266,66.9256,67.9246,68.9235,69.9225,70.9215,71.9204,72.9194,73.9184,74.9173,75.9163,76.9153,77.9143,78.9132,79.9122,80.9112,81.9101,82.9091,83.9081,84.907,85.906,86.905,87.9039,88.9029,89.9019,90.9008,91.8998,92.8988,93.8978,94.8968,95.8963,0.994288,1.99276,2.99166,3.99062,4.98958,5.98855,6.98752,7.98649,8.98545,9.98442,10.9834,11.9824,12.9813,13.9803,14.9793,15.9782,16.9772,17.9762,18.9751,19.9741,20.9731,21.972,22.971,23.97,24.9689,25.9679,26.9669,27.9658,28.9648,29.9638,30.9628,31.9617,32.9607,33.9597,34.9586,35.9576,36.9566,37.9555,38.9545,39.9535,40.9524,41.9514,42.9504,43.9493,44.9483,45.9473,46.9462,47.9452,48.9442,49.9431,50.9421,51.9411,52.9401,53.939,54.938,55.937,56.9359,57.9349,58.9339,59.9328,60.9318,61.9308,62.9297,63.9287,64.9277,65.9266,66.9256,67.9246,68.9235,69.9225,70.9215,71.9204,72.9194,73.9184,74.9173,75.9163,76.9153,77.9143,78.9132,79.9122,80.9112,81.9101,82.9091,83.9081,84.907,85.906,86.905,87.9039,88.9029,89.9019,90.9008,91.8998,92.8988,93.8978,94.8968,95.8963,0.994288,1.99276,2.99166,3.99062,4.98958,5.98855,6.98752,7.98649,8.98545,9.98442,10.9834,11.9824,12.9813,13.9803,14.9793,15.9782,16.9772,17.9762,18.9751,19.9741,20.9731,21.972,22.971,23.97,24.9689,25.9679,26.9669,27.9658,28.9648,29.9638,30.9628,31.9617,32.9607,33.9597,34.9586,35.9576,36.9566,37.9555,38.9545,39.9535,40.9524,41.9514,42.9504,43.9493,44.9483,45.9473,46.9462,47.9452,48.9442,49.9431,50.9421,51.9411,52.9401,53.939,54.938,55.937,56.9359,57.9349,58.9339,59.9328,60.9318,61.9308,62.9297,63.9287,64.9277,65.9266,66.9256,67.9246,68.9235,69.9225,70.9215,71.9204,72.9194,73.9184,74.9173,75.9163,76.9153,77.9143,78.9132,79.9122,80.9112,81.9101,82.9091,83.9081,84.907,85.906,86.905,87.9039,88.9029,89.9019,90.9008,91.8998,92.8988,93.8978,94.8968,95.8963,0.994288,1.99276,2.99166,3.99062,4.98958,5.98855,6.98752,7.98649,8.98545,9.98442,10.9834,11.9824,12.9813,13.9803,14.9793,15.9782,16.9772,17.9762,18.9751,19.9741,20.9731,21.972,22.971,23.97,24.9689,25.9679,26.9669,27.9658,28.9648,29.9638,30.9628,31.9617,32.9607,33.9597,34.9586,35.9576,36.9566,37.9555,38.9545,39.9535,40.9524,41.9514,42.9504,43.9493,44.9483,45.9473,46.9462,47.9452,48.9442,49.9431,50.9421,51.9411,52.9401,53.939,54.938,55.937,56.9359,57.9349,58.9339,59.9328,60.9318,61.9308,62.9297,63.9287,64.9277,65.9266,66.9256,67.9246,68.9235,69.9225,70.9215,71.9204,72.9194,73.9184,74.9173,75.9163,76.9153,77.9143,78.9132,79.9122,80.9112,81.9101,82.9091,83.9081,84.907,85.906,86.905,87.9039,88.9029,89.9019,90.9008,91.8998,92.8988,93.8978,94.8968,95.8963,-200,110],

  "range":[ 0, 4, 180 ],
  "range2":[1, 1, 11],

  "save":0
}
