{
  "type":0,
  "device":3,

  "m":5,
  "n":96,

  "rcut":8,
  "rmax":12,

  "beta":3.25,
  "len":1,
  "gamma":100,
  "epsilon":1,
  "epsilon_bottom":1,
  "epsilon_top":1,
  "lambda":0,
  "mu":0,
  "sigma":1,
  "pressure":0,

  "delta":[-20, -10, 0, 10, 20],

  "sub_x":-200,
  "sub_y":110,
  "sub_h":1,
  "sub_count":400,

  "osub":-200,
  "osub_h":1,
  "osub_count":400,

  "reltol":1e-11,
  "abstol":1e-11,
  "movtol":1e-8,

  "init":[-19.468,-18.4753,-17.4784,-16.4925,-15.8033,-15.2149,-14.3233,-13.3196,-12.3396,-11.3392,-10.3574,-9.59622,-8.87561,-8.13714,-7.38488,-6.6291,-5.87367,-5.12078,-4.37262,-3.63148,-2.8997,-2.17975,-1.47423,-0.785899,-0.117735,0.527058,1.14499,1.7318,2.27903,2.76786,3.19639,3.59591,3.98657,4.37492,4.76324,5.15249,5.54281,5.93393,6.32558,6.71753,7.10966,7.50188,7.89416,8.28647,8.6788,9.07114,9.46349,9.85584,10.2482,10.6405,11.0329,11.4252,11.8176,12.2099,12.6023,12.9946,13.387,13.7794,14.1717,14.5641,14.9564,15.3488,15.7411,16.1335,16.5258,16.9182,17.3105,17.7029,18.0952,18.4876,18.8799,19.2723,19.6646,20.057,20.4493,20.8417,21.234,21.6264,22.0187,22.4111,22.8034,23.1958,23.5881,23.9805,24.3729,24.7652,25.1576,25.5499,25.9422,26.3346,26.7269,27.1192,27.5115,27.9038,28.297,28.6999,-10.5265,-11.5236,-12.5154,-13.5041,-14.4985,-14.8097,-13.9484,-12.9797,-11.9999,-11.0145,-10.0625,-9.34368,-8.64207,-7.91961,-7.17764,-6.42801,-5.6746,-4.92002,-4.16666,-3.41685,-2.67297,-1.93749,-1.213,-0.502271,0.191726,0.865749,1.51624,2.13908,2.72853,3.27279,3.74923,4.17039,4.57021,4.96338,5.35433,5.74506,6.13625,6.52789,6.91984,7.31198,7.70421,8.0965,8.48881,8.88115,9.27349,9.66583,10.0582,10.4505,10.8429,11.2352,11.6276,12.0199,12.4123,12.8046,13.197,13.5893,13.9817,14.3741,14.7664,15.1588,15.5511,15.9435,16.3358,16.7282,17.1205,17.5129,17.9052,18.2976,18.6899,19.0823,19.4746,19.867,20.2593,20.6517,21.044,21.4364,21.8287,22.2211,22.6134,23.0058,23.3981,23.7905,24.1828,24.5752,24.9675,25.3599,25.7522,26.1446,26.5369,26.9292,27.3215,27.7138,28.1059,28.498,28.8901,29.2837,-0.527053,-1.51654,-2.50989,-3.50559,-4.50231,-5.49943,-6.49632,-7.49216,-8.35211,-8.3958,-7.70613,-6.96698,-6.22384,-5.47491,-4.72161,-3.96624,-3.21109,-2.4585,-1.71092,-0.970914,-0.241235,0.475149,1.175,1.85475,2.51032,3.13697,3.7299,4.27585,4.7252,5.13647,5.53956,5.93611,6.33033,6.72382,7.1169,7.50972,7.90235,8.29487,8.68733,9.07974,9.47212,9.8645,10.2569,10.6492,11.0416,11.4339,11.8263,12.2186,12.611,13.0033,13.3957,13.788,14.1804,14.5727,14.9651,15.3574,15.7498,16.1422,16.5345,16.9269,17.3192,17.7116,18.1039,18.4963,18.8886,19.281,19.6733,20.0657,20.458,20.8504,21.2427,21.6351,22.0274,22.4198,22.8121,23.2045,23.5968,23.9892,24.3815,24.7739,25.1662,25.5586,25.9509,26.3433,26.7356,27.128,27.5203,27.9126,28.3049,28.6972,29.0894,29.4815,29.8735,30.2611,30.6403,31.0259,10.5242,11.512,12.5032,13.4952,14.4829,14.9107,14.3949,13.7364,13.0355,12.3072,11.5613,10.8065,10.051,9.30347,8.57321,7.87103,7.20976,6.60496,6.07563,5.64521,5.34437,5.21539,5.30728,5.69648,6.1141,6.51764,6.91573,7.31167,7.70622,8.09985,8.49291,8.88566,9.27824,9.67071,10.0631,10.4555,10.8479,11.2403,11.6326,12.025,12.4173,12.8097,13.202,13.5944,13.9867,14.3791,14.7714,15.1638,15.5561,15.9485,16.3408,16.7332,17.1256,17.5179,17.9103,18.3026,18.695,19.0873,19.4797,19.872,20.2644,20.6567,21.0491,21.4414,21.8338,22.2261,22.6185,23.0108,23.4032,23.7955,24.1879,24.5802,24.9726,25.3649,25.7573,26.1496,26.542,26.9344,27.3267,27.7191,28.1114,28.5038,28.8962,29.2886,29.681,30.0735,30.4658,30.856,31.2429,31.6268,32.0099,32.3852,32.7648,33.1447,33.5245,33.9032,19.4722,18.4819,17.4882,16.5129,15.8839,15.353,14.7239,14.02,13.284,12.5331,11.7769,11.024,10.2827,9.56157,8.86999,8.21874,7.62036,7.08965,6.64399,6.30393,6.09699,6.08824,6.40485,6.77423,7.14314,7.52399,7.91246,8.30379,8.69597,9.08835,9.48076,9.87315,10.2655,10.6579,11.0503,11.4426,11.835,12.2273,12.6197,13.012,13.4044,13.7967,14.1891,14.5814,14.9738,15.3661,15.7585,16.1508,16.5432,16.9355,17.3279,17.7203,18.1126,18.505,18.8973,19.2897,19.682,20.0744,20.4667,20.8591,21.2514,21.6438,22.0361,22.4285,22.8208,23.2132,23.6055,23.9979,24.3902,24.7826,25.1749,25.5673,25.9596,26.352,26.7443,27.1367,27.5291,27.9214,28.3138,28.7061,29.0985,29.4909,29.8834,30.276,30.6687,31.0614,31.453,31.8422,32.2289,32.6138,32.9959,33.3743,33.7539,34.1338,34.5137,34.8924,0.838903,0.900615,0.859451,1.02697,1.76716,2.5938,3.05263,2.92648,2.71031,2.63377,2.87837,3.54238,4.25178,4.94154,5.61098,6.27129,6.92711,7.58109,8.23578,8.89375,9.55747,10.2294,10.9118,11.6069,12.3167,13.0433,13.7882,14.5533,15.343,16.1684,17.0317,17.9183,18.8174,19.7239,20.6349,21.5484,22.4631,23.3785,24.2942,25.2101,26.1261,27.0422,27.9583,28.8745,29.7906,30.7068,31.623,32.5391,33.4553,34.3715,35.2876,36.2038,37.12,38.0361,38.9523,39.8685,40.7847,41.7008,42.617,43.5332,44.4493,45.3655,46.2817,47.1978,48.114,49.0302,49.9464,50.8625,51.7787,52.6949,53.611,54.5272,55.4434,56.3595,57.2757,58.1919,59.1081,60.0242,60.9404,61.8566,62.7727,63.6889,64.6051,65.5213,66.4374,67.3536,68.2698,69.186,70.1022,71.0184,71.9347,72.8512,73.7678,74.6848,75.602,76.5174,0.846308,0.891789,0.903678,0.840563,0.833665,1.71961,2.16881,1.94284,1.77521,1.71422,1.91413,2.58601,3.28927,3.97993,4.64623,5.30491,5.96014,6.61442,7.27027,7.93026,8.59696,9.27292,9.96065,10.6626,11.3811,12.1183,12.8763,13.6572,14.4636,15.2999,16.1726,17.0752,17.99,18.9078,19.8265,20.7447,21.6624,22.5794,23.4961,24.4126,25.3289,26.2452,27.1614,28.0776,28.9938,29.91,30.8262,31.7423,32.6585,33.5747,34.4908,35.407,36.3232,37.2394,38.1555,39.0717,39.9879,40.904,41.8202,42.7364,43.6526,44.5687,45.4849,46.4011,47.3172,48.2334,49.1496,50.0657,50.9819,51.8981,52.8143,53.7304,54.6466,55.5628,56.4789,57.3951,58.3113,59.2274,60.1436,61.0598,61.976,62.8921,63.8083,64.7245,65.6406,66.5568,67.473,68.3891,69.3053,70.2215,71.1376,72.0537,72.9698,73.8858,74.8015,75.7168,0.839923,0.910196,0.868963,0.863154,0.863811,0.862976,0.85067,0.848022,1.32692,2.31081,3.02227,3.68072,4.33796,4.99276,5.64698,6.30335,6.96457,7.63331,8.31224,9.00401,9.71124,10.4365,11.1823,11.9509,12.7448,13.5661,14.4153,15.294,16.2176,17.1572,18.0896,19.0177,19.9418,20.8628,21.7817,22.6995,23.6166,24.5333,25.4497,26.3661,27.2823,28.1985,29.1147,30.0309,30.9471,31.8633,32.7795,33.6956,34.6118,35.528,36.4441,37.3603,38.2765,39.1927,40.1088,41.025,41.9412,42.8573,43.7735,44.6897,45.6058,46.522,47.4382,48.3544,49.2705,50.1867,51.1029,52.019,52.9352,53.8514,54.7676,55.6837,56.5999,57.5161,58.4322,59.3484,60.2646,61.1807,62.0969,63.0131,63.9292,64.8454,65.7616,66.6777,67.5939,68.51,69.4262,70.3423,71.2583,72.1742,73.0899,74.0053,74.9202,75.8381,76.7582,77.6787,0.840449,0.912007,0.8658,0.832334,0.877338,1.75278,2.58522,3.30777,3.99645,4.66468,5.32199,5.97769,6.64117,7.32199,8.02967,8.77351,9.56221,10.4032,11.3019,12.2602,13.2747,14.3316,15.3842,16.3509,17.2899,18.2224,19.1482,20.0692,20.9878,21.9052,22.8219,23.7384,24.6547,25.571,26.4872,27.4034,28.3196,29.2357,30.1519,31.0681,31.9842,32.9004,33.8166,34.7328,35.6489,36.5651,37.4813,38.3974,39.3136,40.2298,41.146,42.0621,42.9783,43.8945,44.8106,45.7268,46.643,47.5591,48.4753,49.3915,50.3077,51.2238,52.14,53.0562,53.9723,54.8885,55.8047,56.7208,57.637,58.5532,59.4694,60.3855,61.3017,62.2179,63.134,64.0502,64.9664,65.8825,66.7987,67.7149,68.631,69.5472,70.4633,71.3794,72.2954,73.2113,74.1272,75.0443,75.9627,76.8811,77.8004,78.7224,79.6445,80.5666,81.4889,82.4122,0.83941,0.899647,0.856702,1.05211,1.83793,2.70049,3.51058,4.24962,4.94852,5.62278,6.28272,6.93792,7.59769,8.27096,8.96612,9.69072,10.451,11.2515,12.0936,12.9749,13.8883,14.8194,15.7035,16.5835,17.4789,18.3818,19.2893,20.2003,21.1135,22.0279,22.9431,23.8588,24.7747,25.6907,26.6067,27.5229,28.439,29.3552,30.2713,31.1875,32.1036,33.0198,33.936,34.8522,35.7683,36.6845,37.6007,38.5168,39.433,40.3492,41.2653,42.1815,43.0977,44.0139,44.93,45.8462,46.7624,47.6785,48.5947,49.5109,50.427,51.3432,52.2594,53.1756,54.0917,55.0079,55.9241,56.8402,57.7564,58.6726,59.5887,60.5049,61.4211,62.3373,63.2534,64.1696,65.0858,66.0019,66.9181,67.8343,