{
  "type":0,
  "device":3,

  "m":5,
  "n":96,

  "rcut":8,
  "rmax":12,

  "beta":100,
  "len":1,
  "gamma":100,
  "epsilon":1,
  "epsilon_bottom":1,
  "epsilon_top":1,
  "lambda":0,
  "mu":0,
  "sigma":1,
  "pressure":0,

  "delta":[-20, -10, 0, 10, 20],

  "sub_x":-200,
  "sub_y":110,
  "sub_h":1,
  "sub_count":400,

  "osub":-200,
  "osub_h":1,
  "osub_count":400,

  "reltol":1e-11,
  "abstol":1e-11,
  "movtol":1e-8,

  "init":[-20,-20,-20,-20,-20,-20,-20,-20,-20,-20,-20,-20,-20,-20,-20,-20,-20,-20,-20,-20,-20,-20,-20,-20,-20,-20,-20,-20,-20,-20,-20,-20,-20,-20,-20,-20,-20,-20,-20,-20,-20,-20,-20,-20,-20,-20,-20,-20,-20,-20,-20,-20,-20,-20,-20,-20,-20,-20,-20,-20,-20,-20,-20,-20,-20,-20,-20,-20,-20,-20,-20,-20,-20,-20,-20,-20,-20,-20,-20,-20,-20,-20,-20,-20,-20,-20,-20,-20,-20,-20,-20,-20,-20,-20,-20,-20,-10,-10,-10,-10,-10,-10,-10,-10,-10,-10,-10,-10,-10,-10,-10,-10,-10,-10,-10,-10,-10,-10,-10,-10,-10,-10,-10,-10,-10,-10,-10,-10,-10,-10,-10,-10,-10,-10,-10,-10,-10,-10,-10,-10,-10,-10,-10,-10,-10,-10,-10,-10,-10,-10,-10,-10,-10,-10,-10,-10,-10,-10,-10,-10,-10,-10,-10,-10,-10,-10,-10,-10,-10,-10,-10,-10,-10,-10,-10,-10,-10,-10,-10,-10,-10,-10,-10,-10,-10,-10,-10,-10,-10,-10,-10,-10,-2.58457e-11,-7.12048e-11,-1.28809e-10,-1.91993e-10,-2.54784e-10,-3.12097e-10,-3.59909e-10,-3.95357e-10,-4.16748e-10,-4.23501e-10,-4.1603e-10,-3.95573e-10,-3.64003e-10,-3.23624e-10,-2.7697e-10,-2.26623e-10,-1.7506e-10,-1.24525e-10,-7.69364e-11,-3.38305e-11,3.66538e-12,3.48329e-11,5.93395e-11,7.7198e-11,8.87137e-11,9.44257e-11,9.50444e-11,9.13911e-11,8.43424e-11,7.47799e-11,6.35493e-11,5.14277e-11,3.90993e-11,2.71403e-11,1.60113e-11,6.0566e-12,-2.49131e-12,-9.50254e-12,-1.49376e-11,-1.88333e-11,-2.12873e-11,-2.24433e-11,-2.24764e-11,-2.15795e-11,-1.99518e-11,-1.77889e-11,-1.52747e-11,-1.25758e-11,-9.83701e-12,-7.17915e-12,-4.6981e-12,-2.4652e-12,-5.28576e-13,1.08472e-12,2.36602e-12,3.32213e-12,3.97217e-12,4.3446e-12,4.47425e-12,4.39973e-12,4.16112e-12,3.79799e-12,3.34786e-12,2.84501e-12,2.31962e-12,1.79728e-12,1.29875e-12,8.4e-13,4.3243e-13,8.32196e-14,-2.04181e-13,-4.2951e-13,-5.95119e-13,-7.0539e-13,-7.66185e-13,-7.84323e-13,-7.67125e-13,-7.22012e-13,-6.56177e-13,-5.76323e-13,-4.88465e-13,-3.97801e-13,-3.08636e-13,-2.24347e-13,-1.47406e-13,-7.94214e-14,-2.12171e-14,2.70742e-14,6.59006e-14,9.61709e-14,1.1913e-13,1.36229e-13,1.48998e-13,1.58915e-13,1.6728e-13,1.75089e-13,10,10,10,10,10,10,10,10,10,10,10,10,10,10,10,10,10,10,10,10,10,10,10,10,10,10,10,10,10,10,10,10,10,10,10,10,10,10,10,10,10,10,10,10,10,10,10,10,10,10,10,10,10,10,10,10,10,10,10,10,10,10,10,10,10,10,10,10,10,10,10,10,10,10,10,10,10,10,10,10,10,10,10,10,10,10,10,10,10,10,10,10,10,10,10,10,20,20,20,20,20,20,20,20,20,20,20,20,20,20,20,20,20,20,20,20,20,20,20,20,20,20,20,20,20,20,20,20,20,20,20,20,20,20,20,20,20,20,20,20,20,20,20,20,20,20,20,20,20,20,20,20,20,20,20,20,20,20,20,20,20,20,20,20,20,20,20,20,20,20,20,20,20,20,20,20,20,20,20,20,20,20,20,20,20,20,20,20,20,20,20,20,0.994288,1.99276,2.99166,3.99062,4.98958,5.98855,6.98752,7.98649,8.98545,9.98442,10.9834,11.9824,12.9813,13.9803,14.9793,15.9782,16.9772,17.9762,18.9751,19.9741,20.9731,21.972,22.971,23.97,24.9689,25.9679,26.9669,27.9658,28.9648,29.9638,30.9628,31.9617,32.9607,33.9597,34.9586,35.9576,36.9566,37.9555,38.9545,39.9535,40.9524,41.9514,42.9504,43.9493,44.9483,45.9473,46.9462,47.9452,48.9442,49.9431,50.9421,51.9411,52.9401,53.939,54.938,55.937,56.9359,57.9349,58.9339,59.9328,60.9318,61.9308,62.9297,63.9287,64.9277,65.9266,66.9256,67.9246,68.9235,69.9225,70.9215,71.9204,72.9194,73.9184,74.9173,75.9163,76.9153,77.9143,78.9132,79.9122,80.9112,81.9101,82.9091,83.9081,84.907,85.906,86.905,87.9039,88.9029,89.9019,90.9008,91.8998,92.8988,93.8978,94.8968,95.8963,0.994288,1.99276,2.99166,3.99062,4.98958,5.98855,6.98752,7.98649,8.98545,9.98442,10.9834,11.9824,12.9813,13.9803,14.9793,15.9782,16.9772,17.9762,18.9751,19.9741,20.9731,21.972,22.971,23.97,24.9689,25.9679,26.9669,27.9658,28.9648,29.9638,30.9628,31.9617,32.9607,33.9597,34.9586,35.9576,36.9566,37.9555,38.9545,39.9535,40.9524,41.9514,42.9504,43.9493,44.9483,45.9473,46.9462,47.9452,48.9442,49.9431,50.9421,51.9411,52.9401,53.939,54.938,55.937,56.9359,57.9349,58.9339,59.9328,60.9318,61.9308,62.9297,63.9287,64.9277,65.9266,66.9256,67.9246,68.9235,69.9225,70.9215,71.9204,72.9194,73.9184,74.9173,75.9163,76.9153,77.9143,78.9132,79.9122,80.9112,81.9101,82.9091,83.9081,84.907,85.906,86.905,87.9039,88.9029,89.9019,90.9008,91.8998,92.8988,93.8978,94.8968,95.8963,0.994288,1.99276,2.99166,3.99062,4.98958,5.98855,6.98752,7.98649,8.98545,9.98442,10.9834,11.9824,12.9813,13.9803,14.9793,15.9782,16.9772,17.9762,18.9751,19.9741,20.9731,21.972,22.971,23.97,24.9689,25.9679,26.9669,27.9658,28.9648,29.9638,30.9628,31.9617,32.9607,33.9597,34.9586,35.9576,36.9566,37.9555,38.9545,39.9535,40.9524,41.9514,42.9504,43.9493,44.9483,45.9473,46.9462,47.9452,48.9442,49.9431,50.9421,51.9411,52.9401,53.939,54.938,55.937,56.9359,57.9349,58.9339,59.9328,60.9318,61.9308,62.9297,63.9287,64.9277,65.9266,66.9256,67.9246,68.9235,69.9225,70.9215,71.9204,72.9194,73.9184,74.9173,75.9163,76.9153,77.9143,78.9132,79.9122,80.9112,81.9101,82.9091,83.9081,84.907,85.906,86.905,87.9039,88.9029,89.9019,90.9008,91.8998,92.8988,93.8978,94.8968,95.8963,0.994288,1.99276,2.99166,3.99062,4.98958,5.98855,6.98752,7.98649,8.98545,9.98442,10.9834,11.9824,12.9813,13.9803,14.9793,15.9782,16.9772,17.9762,18.9751,19.9741,20.9731,21.972,22.971,23.97,24.9689,25.9679,26.9669,27.9658,28.9648,29.9638,30.9628,31.9617,32.9607,33.9597,34.9586,35.9576,36.9566,37.9555,38.9545,39.9535,40.9524,41.9514,42.9504,43.9493,44.9483,45.9473,46.9462,47.9452,48.9442,49.9431,50.9421,51.9411,52.9401,53.939,54.938,55.937,56.9359,57.9349,58.9339,59.9328,60.9318,61.9308,62.9297,63.9287,64.9277,65.9266,66.9256,67.9246,68.9235,69.9225,70.9215,71.9204,72.9194,73.9184,74.9173,75.9163,76.9153,77.9143,78.9132,79.9122,80.9112,81.9101,82.9091,83.9081,84.907,85.906,86.905,87.9039,88.9029,89.9019,90.9008,91.8998,92.8988,93.8978,94.8968,95.8963,0.994288,1.99276,2.99166,3.99062,4.98958,5.98855,6.98752,7.98649,8.98545,9.98442,10.9834,11.9824,12.9813,13.9803,14.9793,15.9782,16.9772,17.9762,18.9751,19.9741,20.9731,21.972,22.971,23.97,24.9689,25.9679,26.9669,27.9658,28.9648,29.9638,30.9628,31.9617,32.9607,33.9597,34.9586,35.9576,36.9566,37.9555,38.9545,39.9535,40.9524,41.9514,42.9504,43.9493,44.9483,45.9473,46.9462,47.9452,48.9442,49.9431,50.9421,51.9411,52.9401,53.939,54.938,55.937,56.9359,57.9349,58.9339,59.9328,60.9318,61.9308,62.9297,63.9287,64.9277,65.9266,66.9256,67.9246,68.9235,69.9225,70.9215,71.9204,72.9194,73.9184,74.9173,75.9163,76.9153,77.9143,78.9132,79.9122,80.9112,81.9101,82.9091,83.9081,84.907,85.906,86.905,87.9039,88.9029,89.9019,90.9008,91.8998,92.8988,93.8978,94.8968,95.8963,-200,110],

  "range":[ 0, 4, 180 ],
  "range2":[1, 1, 11],

  "save":0
}
