{
  "type":0,
  "device":3,

  "m":5,
  "n":96,

  "rcut":8,
  "rmax":12,

  "beta":3,
  "len":1,
  "gamma":100,
  "epsilon":1,
  "epsilon_bottom":1,
  "epsilon_top":1,
  "lambda":0,
  "mu":0,
  "sigma":1,
  "pressure":0,

  "delta":[-20, -10, 0, 10, 20],

  "sub_x":-200,
  "sub_y":110,
  "sub_h":1,
  "sub_count":400,

  "osub":-200,
  "osub_h":1,
  "osub_count":400,

  "reltol":1e-11,
  "abstol":1e-11,
  "movtol":1e-8,

  "init":[-19.4702,-18.4775,-17.4811,-16.4911,-15.8125,-15.2396,-14.3429,-13.3376,-12.3584,-11.3592,-10.3678,-9.60822,-8.88781,-8.14903,-7.39721,-6.6423,-5.88786,-5.13605,-4.38902,-3.64904,-2.91844,-2.19968,-1.49534,-0.808155,-0.141091,0.502673,1.11967,1.70569,2.25245,2.7412,3.16997,3.56958,3.95993,4.34766,4.7352,5.12363,5.51313,5.90346,6.2943,6.68546,7.07679,7.46823,7.85972,8.25124,8.64279,9.03434,9.42589,9.81745,10.209,10.6006,10.9921,11.3837,11.7753,12.1668,12.5584,12.95,13.3415,13.7331,14.1247,14.5162,14.9078,15.2993,15.6909,16.0825,16.474,16.8656,17.2572,17.6487,18.0403,18.4319,18.8234,19.215,19.6065,19.9981,20.3897,20.7812,21.1728,21.5644,21.9559,22.3475,22.7391,23.1306,23.5222,23.9137,24.3053,24.6969,25.0884,25.48,25.8716,26.2631,26.6547,27.0462,27.4377,27.8291,28.2216,28.6238,-10.5247,-11.5237,-12.516,-13.5049,-14.4996,-14.8194,-13.953,-12.9863,-12.0039,-11.0194,-10.0605,-9.3531,-8.65255,-7.93013,-7.18874,-6.43992,-5.68743,-4.93384,-4.18153,-3.43284,-2.69013,-1.95585,-1.23258,-0.523063,0.169735,0.842599,1.492,2.11386,2.70252,3.24628,3.72266,4.14416,4.54402,4.93673,5.32694,5.71687,6.10725,6.49809,6.88925,7.28059,7.67203,8.06353,8.45506,8.8466,9.23815,9.62971,10.0213,10.4128,10.8044,11.196,11.5875,11.9791,12.3707,12.7622,13.1538,13.5453,13.9369,14.3285,14.72,15.1116,15.5032,15.8947,16.2863,16.6779,17.0694,17.461,17.8525,18.2441,18.6357,19.0272,19.4188,19.8104,20.2019,20.5935,20.9851,21.3766,21.7682,22.1597,22.5513,22.9429,23.3344,23.726,24.1176,24.5091,24.9007,25.2923,25.6838,26.0754,26.4669,26.8584,27.2499,27.6414,28.0328,28.424,28.8154,29.2082,-0.525605,-1.51568,-2.50922,-3.50492,-4.50153,-5.4984,-6.49486,-7.48996,-8.37192,-8.40982,-7.71615,-6.97741,-6.23488,-5.48663,-4.73414,-3.9797,-3.22558,-2.4741,-1.7277,-0.988914,-0.260489,0.454627,1.15322,1.83175,2.48618,3.11183,3.70393,4.24909,4.69861,5.11064,5.51352,5.90934,6.30276,6.69546,7.08776,7.47979,7.87164,8.26337,8.65504,9.04666,9.43826,9.82984,10.2214,10.613,11.0046,11.3961,11.7877,12.1793,12.5708,12.9624,13.3539,13.7455,14.1371,14.5286,14.9202,15.3118,15.7033,16.0949,16.4865,16.878,17.2696,17.6611,18.0527,18.4443,18.8358,19.2274,19.619,20.0105,20.4021,20.7937,21.1852,21.5768,21.9684,22.3599,22.7515,23.143,23.5346,23.9262,24.3177,24.7093,25.1009,25.4924,25.884,26.2755,26.6671,27.0587,27.4502,27.8417,28.2332,28.6247,29.0161,29.4074,29.7987,30.1855,30.5638,30.9486,10.523,11.5115,12.5031,13.4954,14.484,14.9186,14.3971,13.7369,13.035,12.3057,11.5589,10.803,10.0464,9.29761,8.56592,7.8621,7.19894,6.59193,6.05999,5.62645,5.3218,5.18878,5.27778,5.67071,6.0887,6.49141,6.88872,7.28392,7.67772,8.07058,8.46287,8.85484,9.24663,9.63832,10.03,10.4216,10.8131,11.2047,11.5963,11.9879,12.3794,12.771,13.1625,13.5541,13.9457,14.3372,14.7288,15.1204,15.5119,15.9035,16.2951,16.6866,17.0782,17.4698,17.8613,18.2529,18.6444,19.036,19.4276,19.8191,20.2107,20.6023,20.9938,21.3854,21.777,22.1685,22.5601,22.9516,23.3432,23.7348,24.1263,24.5179,24.9095,25.301,25.6926,26.0842,26.4757,26.8673,27.2589,27.6504,28.042,28.4336,28.8252,29.2168,29.6085,30.0002,30.3916,30.7811,31.1671,31.5502,31.9325,32.3069,32.6855,33.0646,33.4435,33.8213,19.4735,18.4827,17.4887,16.5092,15.8905,15.3566,14.725,14.0194,13.2822,12.5302,11.7729,11.0189,10.2763,9.55373,8.86058,8.20757,7.60719,7.07418,6.62589,6.28274,6.07202,6.05962,6.38237,6.75154,7.11848,7.49804,7.88554,8.27604,8.66742,9.05901,9.45062,9.84223,10.2338,10.6254,11.017,11.4085,11.8001,12.1917,12.5832,12.9748,13.3664,13.7579,14.1495,14.5411,14.9326,15.3242,15.7158,16.1073,16.4989,16.8904,17.282,17.6736,18.0651,18.4567,18.8483,19.2398,19.6314,20.023,20.4145,20.8061,21.1976,21.5892,21.9808,22.3723,22.7639,23.1555,23.547,23.9386,24.3302,24.7217,25.1133,25.5049,25.8964,26.288,26.6795,27.0711,27.4627,27.8542,28.2458,28.6374,29.029,29.4206,29.8123,30.2041,30.596,30.9879,31.3788,31.7672,32.1531,32.5371,32.9183,33.2958,33.6745,34.0536,34.4326,34.8104,0.840328,0.899022,0.856285,0.993298,1.74239,2.5799,3.02988,2.91249,2.69884,2.61888,2.82097,3.48856,4.19898,4.88845,5.55822,6.21933,6.87611,7.53116,8.18702,8.8462,9.51117,10.1843,10.868,11.5643,12.2753,13.0028,13.7487,14.5146,15.3049,16.1304,16.9938,17.8803,18.7794,19.6861,20.5974,21.5111,22.4261,23.3418,24.2579,25.1741,26.0905,27.0069,27.9233,28.8398,29.7563,30.6728,31.5893,32.5058,33.4223,34.3388,35.2553,36.1719,37.0884,38.0049,38.9214,39.8379,40.7544,41.6709,42.5874,43.5039,44.4204,45.3369,46.2534,47.1699,48.0864,49.003,49.9195,50.836,51.7525,52.669,53.5855,54.502,55.4185,56.335,57.2515,58.168,59.0845,60.001,60.9175,61.8341,62.7506,63.6671,64.5836,65.5001,66.4166,67.3331,68.2496,69.1662,70.0827,70.9993,71.9159,72.8327,73.7497,74.667,75.5845,76.5003,0.847732,0.886097,0.901684,0.845099,0.830946,1.71392,2.15029,1.91955,1.76975,1.70846,1.85434,2.53491,3.2381,3.92737,4.5938,5.25321,5.90939,6.56476,7.22178,7.88301,8.55098,9.22822,9.91721,10.6204,11.34,12.0782,12.8372,13.6188,14.4258,15.2624,16.1352,17.0377,17.9524,18.8703,19.7893,20.7079,21.6258,22.5432,23.4603,24.3771,25.2938,26.2104,27.1269,28.0435,28.96,29.8765,30.793,31.7095,32.6261,33.5426,34.4591,35.3756,36.2921,37.2086,38.1251,39.0416,39.9581,40.8746,41.7911,42.7076,43.6241,44.5407,45.4572,46.3737,47.2902,48.2067,49.1232,50.0397,50.9562,51.8727,52.7892,53.7057,54.6222,55.5387,56.4552,57.3718,58.2883,59.2048,60.1213,61.0378,61.9543,62.8708,63.7873,64.7038,65.6203,66.5368,67.4533,68.3698,69.2863,70.2028,71.1193,72.0358,72.9522,73.8685,74.7845,75.7001,0.84117,0.90662,0.868205,0.863187,0.863809,0.863322,0.852572,0.843566,1.27698,2.26068,2.96868,3.62803,4.28631,4.94215,5.5975,6.25508,6.91758,7.58763,8.26786,8.96091,9.66937,10.3958,11.1426,11.9122,12.7068,13.5286,14.3783,15.2572,16.1809,17.1199,18.0523,18.9808,19.9053,20.8267,21.746,22.6642,23.5816,24.4986,25.4154,26.3321,27.2487,28.1653,29.0818,29.9983,30.9148,31.8313,32.7479,33.6644,34.5809,35.4974,36.4139,37.3304,38.2469,39.1634,40.0799,40.9964,41.9129,42.8294,43.7459,44.6625,45.579,46.4955,47.412,48.3285,49.245,50.1615,51.078,51.9945,52.911,53.8275,54.744,55.6605,56.5771,57.4936,58.4101,59.3266,60.2431,61.1596,62.0761,62.9926,63.9091,64.8256,65.7421,66.6586,67.5751,68.4916,69.408,70.3245,71.2408,72.1571,73.0731,73.9888,74.904,75.8223,76.7428,77.6636,0.841674,0.908205,0.865623,0.834188,0.871346,1.74261,2.57052,3.29106,3.97852,4.64557,5.30164,5.95599,6.61803,7.29729,8.00333,8.74548,9.53243,10.3717,11.2687,12.2254,13.2387,14.2951,15.3479,16.3131,17.2523,18.1857,19.1121,20.0336,20.9526,21.8703,22.7874,23.7043,24.6209,25.5375,26.4541,27.3706,28.2871,29.2036,30.1201,31.0366,31.9532,32.8697,33.7862,34.7027,35.6192,36.5357,37.4522,38.3687,39.2852,40.2017,41.1182,42.0347,42.9512,43.8677,44.7843,45.7008,46.6173,47.5338,48.4503,49.3668,50.2833,51.1998,52.1163,53.0328,53.9493,54.8658,55.7823,56.6989,57.6154,58.5319,59.4484,60.3649,61.2814,62.1979,63.1144,64.0309,64.9474,65.8639,66.7804,67.6969,68.6134,69.5299,70.4463,71.3628,72.2791,73.1953,74.1116,75.029,75.9478,76.8665,77.7861,78.7086,79.631,80.5535,81.4761,82.3998,0.840747,0.897825,0.854963,1.0301,1.82497,2.68703,3.49569,4.23313,4.93087,5.604,6.26273,6.91662,7.575,8.24681,8.94047,9.66356,10.4224,11.2214,12.0622,12.9424,13.855,14.7861,15.6682,16.548,17.4438,18.3468,19.2546,20.1658,21.0792,21.994,22.9095,23.8255,24.7417,25.6581,26.5745,27.4909,28.4074,29.3239,30.2404,31.1569,32.0734,32.9899,33.9064,34.8229,35.7394,36.6559,37.5724,38.4889,39.4055,40.322,41.2385,42.155,43.0715,43.988,44.9045,45.821,46.7375,47.654,48.5705,49.487,50.4035,51.32,52.2366,53.1531,54.0696,54.9861,55.9026,56.8191,57.7356,58.6521,59.5686,60.4851,61.4016,62.3181,63.2346,64.1512,65.0677,65.9842,66.9007,67.8172,68.7337,