{
  "type":0,
  "device":3,

  "m":5,
  "n":96,

  "rcut":8,
  "rmax":12,

  "beta":5,
  "len":1,
  "gamma":100,
  "epsilon":0.1,
  "epsilon_bottom":1,
  "epsilon_top":1,
  "lambda":0,
  "mu":0,
  "sigma":1,
  "pressure":0,

  "delta":[-20, -10, 0, 10, 20],

  "sub_x":-200,
  "sub_y":110,
  "sub_h":1,
  "sub_count":400,

  "osub":-200,
  "osub_h":1,
  "osub_count":400,

  "reltol":1e-11,
  "abstol":1e-11,
  "movtol":1e-8,

  "init":[-20,-20,-20,-20,-20,-20,-20,-20,-20,-20,-20,-20,-20,-20,-20,-20,-20,-20,-20,-20,-20,-20,-20,-20,-20,-20,-20,-20,-20,-20,-20,-20,-20,-20,-20,-20,-20,-20,-20,-20,-20,-20,-20,-20,-20,-20,-20,-20,-20,-20,-20,-20,-20,-20,-20,-20,-20,-20,-20,-20,-20,-20,-20,-20,-20,-20,-20,-20,-20,-20,-20,-20,-20,-20,-20,-20,-20,-20,-20,-20,-20,-20,-20,-20,-20,-20,-20,-20,-20,-20,-20,-20,-20,-20,-20,-20,-10,-10,-10,-10,-10,-10,-10,-10,-10,-10,-10,-10,-10,-10,-10,-10,-10,-10,-10,-10,-10,-10,-10,-10,-10,-10,-10,-10,-10,-10,-10,-10,-10,-10,-10,-10,-10,-10,-10,-10,-10,-10,-10,-10,-10,-10,-10,-10,-10,-10,-10,-10,-10,-10,-10,-10,-10,-10,-10,-10,-10,-10,-10,-10,-10,-10,-10,-10,-10,-10,-10,-10,-10,-10,-10,-10,-10,-10,-10,-10,-10,-10,-10,-10,-10,-10,-10,-10,-10,-10,-10,-10,-10,-10,-10,-10,1.55648e-10,2.38763e-10,2.68952e-10,2.67777e-10,2.51388e-10,2.31139e-10,2.13752e-10,2.01977e-10,1.95572e-10,1.92404e-10,1.89513e-10,1.83974e-10,1.73508e-10,1.56812e-10,1.33646e-10,1.0473e-10,7.15185e-11,3.59253e-11,4.035e-14,-3.41119e-11,-6.47593e-11,-9.05045e-11,-1.10387e-10,-1.23894e-10,-1.30936e-10,-1.31796e-10,-1.2706e-10,-1.17545e-10,-1.04223e-10,-8.81507e-11,-7.04013e-11,-5.20047e-11,-3.38981e-11,-1.68857e-11,-1.61048e-12,1.14616e-11,2.20459e-11,3.00316e-11,3.5464e-11,3.85196e-11,3.94752e-11,3.86751e-11,3.64981e-11,3.33276e-11,2.95254e-11,2.54131e-11,2.12579e-11,1.72666e-11,1.35849e-11,1.03014e-11,7.45531e-12,5.04682e-12,3.04775e-12,1.41231e-12,8.65613e-14,-9.83905e-13,-1.84837e-12,-2.54755e-12,-3.11216e-12,-3.563e-12,-3.91237e-12,-4.16611e-12,-4.32599e-12,-4.39208e-12,-4.3647e-12,-4.24602e-12,-4.0409e-12,-3.75735e-12,-3.40637e-12,-3.00143e-12,-2.55774e-12,-2.09133e-12,-1.61817e-12,-1.15334e-12,-7.10356e-13,-3.00691e-13,6.65301e-14,3.84635e-13,6.49356e-13,8.58655e-13,1.01246e-12,1.11236e-12,1.16124e-12,1.16299e-12,1.12217e-12,1.04372e-12,9.32768e-13,7.94404e-13,6.33533e-13,4.54757e-13,2.6228e-13,5.98355e-14,-1.49369e-13,-3.62695e-13,-5.78115e-13,-7.94254e-13,10,10,10,10,10,10,10,10,10,10,10,10,10,10,10,10,10,10,10,10,10,10,10,10,10,10,10,10,10,10,10,10,10,10,10,10,10,10,10,10,10,10,10,10,10,10,10,10,10,10,10,10,10,10,10,10,10,10,10,10,10,10,10,10,10,10,10,10,10,10,10,10,10,10,10,10,10,10,10,10,10,10,10,10,10,10,10,10,10,10,10,10,10,10,10,10,20,20,20,20,20,20,20,20,20,20,20,20,20,20,20,20,20,20,20,20,20,20,20,20,20,20,20,20,20,20,20,20,20,20,20,20,20,20,20,20,20,20,20,20,20,20,20,20,20,20,20,20,20,20,20,20,20,20,20,20,20,20,20,20,20,20,20,20,20,20,20,20,20,20,20,20,20,20,20,20,20,20,20,20,20,20,20,20,20,20,20,20,20,20,20,20,0.994289,1.99321,2.99301,3.99289,4.99278,5.99268,6.99258,7.99247,8.99237,9.99227,10.9922,11.9921,12.992,13.9919,14.9918,15.9917,16.9916,17.9914,18.9913,19.9912,20.9911,21.991,22.9909,23.9908,24.9907,25.9906,26.9905,27.9904,28.9903,29.9902,30.9901,31.99,32.9899,33.9898,34.9897,35.9896,36.9895,37.9894,38.9893,39.9892,40.9891,41.989,42.9889,43.9888,44.9887,45.9886,46.9885,47.9884,48.9883,49.9882,50.9881,51.988,52.9879,53.9878,54.9877,55.9876,56.9875,57.9873,58.9872,59.9871,60.987,61.9869,62.9868,63.9867,64.9866,65.9865,66.9864,67.9863,68.9862,69.9861,70.986,71.9859,72.9858,73.9857,74.9856,75.9855,76.9854,77.9853,78.9852,79.9851,80.985,81.9849,82.9848,83.9847,84.9846,85.9845,86.9844,87.9843,88.9842,89.9841,90.984,91.9839,92.9838,93.9837,94.9836,95.9835,0.994289,1.99321,2.99301,3.99289,4.99278,5.99268,6.99258,7.99247,8.99237,9.99227,10.9922,11.9921,12.992,13.9919,14.9918,15.9917,16.9916,17.9914,18.9913,19.9912,20.9911,21.991,22.9909,23.9908,24.9907,25.9906,26.9905,27.9904,28.9903,29.9902,30.9901,31.99,32.9899,33.9898,34.9897,35.9896,36.9895,37.9894,38.9893,39.9892,40.9891,41.989,42.9889,43.9888,44.9887,45.9886,46.9885,47.9884,48.9883,49.9882,50.9881,51.988,52.9879,53.9878,54.9877,55.9876,56.9875,57.9873,58.9872,59.9871,60.987,61.9869,62.9868,63.9867,64.9866,65.9865,66.9864,67.9863,68.9862,69.9861,70.986,71.9859,72.9858,73.9857,74.9856,75.9855,76.9854,77.9853,78.9852,79.9851,80.985,81.9849,82.9848,83.9847,84.9846,85.9845,86.9844,87.9843,88.9842,89.9841,90.984,91.9839,92.9838,93.9837,94.9836,95.9835,0.994289,1.99321,2.99301,3.99289,4.99278,5.99268,6.99258,7.99247,8.99237,9.99227,10.9922,11.9921,12.992,13.9919,14.9918,15.9917,16.9916,17.9914,18.9913,19.9912,20.9911,21.991,22.9909,23.9908,24.9907,25.9906,26.9905,27.9904,28.9903,29.9902,30.9901,31.99,32.9899,33.9898,34.9897,35.9896,36.9895,37.9894,38.9893,39.9892,40.9891,41.989,42.9889,43.9888,44.9887,45.9886,46.9885,47.9884,48.9883,49.9882,50.9881,51.988,52.9879,53.9878,54.9877,55.9876,56.9875,57.9873,58.9872,59.9871,60.987,61.9869,62.9868,63.9867,64.9866,65.9865,66.9864,67.9863,68.9862,69.9861,70.986,71.9859,72.9858,73.9857,74.9856,75.9855,76.9854,77.9853,78.9852,79.9851,80.985,81.9849,82.9848,83.9847,84.9846,85.9845,86.9844,87.9843,88.9842,89.9841,90.984,91.9839,92.9838,93.9837,94.9836,95.9835,0.994289,1.99321,2.99301,3.99289,4.99278,5.99268,6.99258,7.99247,8.99237,9.99227,10.9922,11.9921,12.992,13.9919,14.9918,15.9917,16.9916,17.9914,18.9913,19.9912,20.9911,21.991,22.9909,23.9908,24.9907,25.9906,26.9905,27.9904,28.9903,29.9902,30.9901,31.99,32.9899,33.9898,34.9897,35.9896,36.9895,37.9894,38.9893,39.9892,40.9891,41.989,42.9889,43.9888,44.9887,45.9886,46.9885,47.9884,48.9883,49.9882,50.9881,51.988,52.9879,53.9878,54.9877,55.9876,56.9875,57.9873,58.9872,59.9871,60.987,61.9869,62.9868,63.9867,64.9866,65.9865,66.9864,67.9863,68.9862,69.9861,70.986,71.9859,72.9858,73.9857,74.9856,75.9855,76.9854,77.9853,78.9852,79.9851,80.985,81.9849,82.9848,83.9847,84.9846,85.9845,86.9844,87.9843,88.9842,89.9841,90.984,91.9839,92.9838,93.9837,94.9836,95.9835,0.994289,1.99321,2.99301,3.99289,4.99278,5.99268,6.99258,7.99247,8.99237,9.99227,10.9922,11.9921,12.992,13.9919,14.9918,15.9917,16.9916,17.9914,18.9913,19.9912,20.9911,21.991,22.9909,23.9908,24.9907,25.9906,26.9905,27.9904,28.9903,29.9902,30.9901,31.99,32.9899,33.9898,34.9897,35.9896,36.9895,37.9894,38.9893,39.9892,40.9891,41.989,42.9889,43.9888,44.9887,45.9886,46.9885,47.9884,48.9883,49.9882,50.9881,51.988,52.9879,53.9878,54.9877,55.9876,56.9875,57.9873,58.9872,59.9871,60.987,61.9869,62.9868,63.9867,64.9866,65.9865,66.9864,67.9863,68.9862,69.9861,70.986,71.9859,72.9858,73.9857,74.9856,75.9855,76.9854,77.9853,78.9852,79.9851,80.985,81.9849,82.9848,83.9847,84.9846,85.9845,86.9844,87.9843,88.9842,89.9841,90.984,91.9839,92.9838,93.9837,94.9836,95.9835,-200,110],

  "range":[ 0, 4, 180 ],
  "range2":[1, 1, 11],

  "save":0
}
