{
	"type":1,
	"device":1,

	"m":1,
	"n":96,

	"beta":1,
	"len":1,
	"gamma":100,
	"epsilon":1,
	"lambda":-25,
	"mu":-15,
	"sigma":1,

	"delta":[0],

	"sub_x":-40,
	"sub_y":100,
	"sub_h":1,
	"sub_count":150,

	"osub":-100,
	"osub_h":1,
	"osub_count":150,

	"reltol":1e-9,
	"abstol":1e-9,
	"init":[-0.558874,-1.53954,-2.52555,-3.51582,-4.29409,-3.9884,-2.98676,-1.98345,-1.04214,-0.0408245,0.943604,1.25956,0.491543,-0.510494,-1.50878,-2.5016,-3.51034,-4.51709,-5.51915,-6.52142,-7.52296,-8.52397,-9.5246,-10.525,-11.5252,-12.5252,-13.525,-14.5247,-15.5242,-16.5232,-17.5218,-18.5197,-19.5164,-20.5113,-21.5036,-22.4913,-23.466,-23.8391,-23.7519,-24.5896,-25.5682,-26.5546,-27.5367,-28.5247,-29.3013,-28.9933,-27.992,-26.9906,-26.0784,-25.0718,-24.7508,-25.5204,-26.5153,-27.5063,-28.5135,-29.5195,-30.5208,-31.5227,-32.5241,-33.5251,-34.526,-35.5269,-36.5279,-37.5292,-38.531,-39.5334,-40.5343,-41.536,-42.5359,-42.7841,-41.9551,-41.1006,-40.262,-40.5016,-41.4963,-42.4978,-43.3562,-43.7908,-44.5023,-45.5085,-46.5145,-47.5185,-48.5211,-49.5228,-50.5239,-51.5246,-52.5251,-53.5254,-54.5255,-55.5256,-56.5256,-57.5255,-58.5254,-59.5251,-60.5246,-61.5244,0.849464,0.902607,0.885289,0.846524,1.39743,2.29083,2.30885,2.16746,1.77995,1.62314,1.62685,2.535,3.14756,3.10494,3.07938,3.1269,3.13589,3.11806,3.10829,3.10957,3.10981,3.10983,3.10984,3.10984,3.10984,3.10984,3.10984,3.10984,3.10983,3.10982,3.10979,3.10973,3.10956,3.10894,3.10882,3.13993,3.10394,2.22375,1.26142,0.852634,0.870698,0.875062,0.885992,0.846834,1.39967,2.29209,2.30869,2.15902,1.70806,1.70346,2.5912,3.16712,3.09204,3.12685,3.13633,3.11914,3.10834,3.10959,3.10983,3.10984,3.10984,3.10984,3.10983,3.10982,3.10923,3.10247,3.0998,3.16331,3.11512,2.20365,1.7141,2.27891,1.79885,0.884443,0.847248,0.885131,1.39564,2.31513,3.04277,3.1158,3.11024,3.10965,3.10976,3.10981,3.10983,3.10984,3.10984,3.10984,3.10984,3.10984,3.10984,3.10984,3.10984,3.10984,3.10984,3.10984,-104.026,3.97404]	
}
