{
	"type":0,
	"device":0,

	"m":1,
	"n":96,

	"beta":1,
	"len":1,
	"gamma":100,
	"epsilon":1,
	"lambda":0,
	"mu":0,
	"sigma":1,
	"pressure":0,

	"delta":[0],

	"sub_x":-100,
	"sub_y":100,
	"sub_h":1,
	"sub_count":150,

	"osub":-100,
	"osub_h":1,
	"osub_count":150,

	"init":[-0.509444,-1.50737,-2.50595,-3.50513,-4.50465,-5.50438,-6.50422,-7.50412,-8.50407,-9.50404,-10.504,-11.504,-12.504,-13.504,-14.504,-15.504,-16.504,-17.504,-18.504,-19.504,-20.504,-21.504,-22.504,-23.504,-24.504,-25.504,-26.504,-27.504,-28.504,-29.504,-30.504,-31.504,-32.504,-33.504,-34.504,-35.504,-36.504,-37.504,-38.504,-39.504,-40.504,-41.504,-42.504,-43.5039,-44.5039,-45.5038,-46.5037,-47.5034,-48.503,-49.5023,-50.5011,-51.499,-52.4954,-53.489,-54.4781,-55.459,-56.4261,-57.3689,-58.2707,-59.109,-59.899,-60.7373,-61.6391,-62.5819,-63.549,-64.5299,-65.519,-66.5126,-67.509,-68.5069,-69.5057,-70.505,-71.5046,-72.5043,-73.5042,-74.5041,-75.5041,-76.504,-77.504,-78.504,-79.504,-80.504,-81.504,-82.504,-83.504,-84.504,-85.504,-86.504,-87.504,-88.5039,-89.5039,-90.5038,-91.5037,-92.5034,-93.5031,-94.5029,0.86176,0.879771,0.872592,0.872352,0.872371,0.872366,0.872363,0.872361,0.872359,0.872359,0.872358,0.872358,0.872358,0.872358,0.872358,0.872358,0.872358,0.872358,0.872358,0.872358,0.872358,0.872358,0.872358,0.872358,0.872358,0.872358,0.872358,0.872358,0.872358,0.872358,0.872358,0.872358,0.872358,0.872358,0.872358,0.872358,0.872358,0.872358,0.872358,0.872357,0.872357,0.872357,0.872357,0.872356,0.872355,0.872353,0.87235,0.872345,0.872336,0.872319,0.872292,0.872243,0.87216,0.872018,0.871782,0.871421,0.870976,0.870716,0.871003,0.871817,0.872899,0.873712,0.873999,0.87374,0.873294,0.872933,0.872697,0.872555,0.872472,0.872424,0.872396,0.87238,0.87237,0.872365,0.872362,0.87236,0.872359,0.872358,0.872358,0.872358,0.872358,0.872358,0.872358,0.872358,0.872358,0.872357,0.872357,0.872357,0.872357,0.872356,0.872355,0.872353,0.87235,0.872345,0.872336,0.872333,-139.008,1.74472],

	"reltol":1e-9,
	"abstol":1e-9
}
