{
	"abstol":1e-11,
	"beta":10,
	"delta":[0],
	"device":3,
	"epsilon":1,
	"epsilon_bottom":1,
	"epsilon_subs":0,
	"epsilon_top":0.1,
	"f2f_switch":true,
	"f2l_switch":true,
	"f2u_switch":true,
	"gamma":100,
	"init":[-1.94837e-11,-4.65172e-11,-8.00512e-11,-1.19232e-10,-1.62906e-10,-2.09668e-10,-2.5793e-10,-3.06034e-10,-3.52365e-10,-3.9544e-10,-4.33976e-10,-4.66932e-10,-4.93527e-10,-5.13241e-10,-5.25801e-10,-5.31157e-10,-5.2945e-10,-5.20989e-10,-5.06215e-10,-4.85677e-10,-4.60009e-10,-4.29907e-10,-3.96114e-10,-3.59398e-10,-3.20544e-10,-2.80333e-10,-2.39529e-10,-1.98869e-10,-1.59044e-10,-1.20693e-10,-8.43832e-11,-5.06095e-11,-1.97803e-11,7.78444e-12,3.1857e-11,5.23014e-11,6.90711e-11,8.22041e-11,9.18155e-11,9.80895e-11,1.01268e-10,1.01642e-10,9.9537e-11,9.53039e-11,8.93071e-11,8.19136e-11,7.34839e-11,6.43626e-11,5.48721e-11,4.53056e-11,3.59231e-11,2.6948e-11,1.85652e-11,1.09205e-11,4.12099e-12,-1.763e-12,-6.6959e-12,-1.06735e-11,-1.37194e-11,-1.58806e-11,-1.72235e-11,-1.78295e-11,-1.77905e-11,-1.72047e-11,-1.61732e-11,-1.4796e-11,-1.31696e-11,-1.13838e-11,-9.52057e-12,-7.65182e-12,-5.83892e-12,-4.13209e-12,-2.57034e-12,-1.18189e-12,1.52369e-14,1.01221e-12,1.80833e-12,2.4097e-12,2.82797e-12,3.07896e-12,3.18135e-12,3.15549e-12,3.02227e-12,2.80218e-12,2.51448e-12,2.17663e-12,1.80378e-12,1.40854e-12,1.00085e-12,5.88047e-13,1.75012e-13,-2.35498e-13,-6.42481e-13,-1.04622e-12,-1.44778e-12,-1.84862e-12,0.994288,1.99276,2.99166,3.99062,4.98958,5.98855,6.98752,7.98649,8.98545,9.98442,10.9834,11.9824,12.9813,13.9803,14.9793,15.9782,16.9772,17.9762,18.9751,19.9741,20.9731,21.972,22.971,23.97,24.9689,25.9679,26.9669,27.9658,28.9648,29.9638,30.9628,31.9617,32.9607,33.9597,34.9586,35.9576,36.9566,37.9555,38.9545,39.9535,40.9524,41.9514,42.9504,43.9493,44.9483,45.9473,46.9462,47.9452,48.9442,49.9431,50.9421,51.9411,52.9401,53.939,54.938,55.937,56.9359,57.9349,58.9339,59.9328,60.9318,61.9308,62.9297,63.9287,64.9277,65.9266,66.9256,67.9246,68.9235,69.9225,70.9215,71.9204,72.9194,73.9184,74.9173,75.9163,76.9153,77.9143,78.9132,79.9122,80.9112,81.9101,82.9091,83.9081,84.907,85.906,86.905,87.9039,88.9029,89.9019,90.9008,91.8998,92.8988,93.8978,94.8968,95.8963,-200,110],
	"lambda":0,
	"len":1,
	"m":1,
	"movtol":1e-08,
	"mu":0,
	"n":96,
	"osub":-100,
	"osub_count":200,
	"osub_h":1,
	"pressure":0,
	"range":[92,0.5,136],
	"range2":[2,0.25,22.25],
	"rcut":8,
	"reltol":1e-11,
	"rmax":12,
	"s2s_switch":false,
	"save":3,
	"sigma":1,
	"sub_count":400,
	"sub_h":1,
	"sub_x":-200,
	"sub_y":110,
	"type":2,
	"save_all":false
}
