{
	"abstol":1e-11,
	"beta":1,
	"delta":[0],
	"device":3,
	"epsilon":1,
	"epsilon_bottom":0.1,
	"epsilon_top":0.1,
	"gamma":100,
	"grid":[[0,-0,50.25,0,0,96,0],[0,-0,50,0,1,96,0],[0,-0,25.25,0,2,96,0],[0,-0,25,0,3,96,0],[0,-0,12.5,1,4,96,96],[0,-0,18.75,1,5,96,96],[0,-0,21.875,1,6,96,96],[0,-0,23.6875,0,7,96,0],[0,-0,23.4375,0,8,96,0],[0,-0,22.9062,0,9,96,0],[0,-0,22.6562,0,10,96,0],[0,-0,22.2656,1,11,96,96],[0,-0,22.7109,0,12,96,0],[0,-0,22.4609,0,13,96,0],[0,-0,22.6133,0,14,96,0],[0,-0,22.3633,0,15,96,0],[4,-1.57402,22.5095,0,16,96,0],[4,-1.55658,22.2601,0,17,96,0],[4,-1.41507,20.2365,1,18,96,96],[4,-1.48582,21.2483,1,19,96,96],[4,-1.53864,22.0036,0,20,96,0],[4,-1.5212,21.7542,0,21,96,0],[4,-1.50351,21.5012,1,22,96,96],[4,-1.51236,21.6277,1,23,96,96],[4,-1.51678,21.6909,1,24,96,96],[8,-3.06537,21.8113,0,25,96,0],[8,-3.03058,21.5637,0,26,96,0],[8,-2.75507,19.6034,1,27,96,96],[8,-2.89283,20.5835,1,28,96,96],[8,-2.9617,21.0736,1,29,96,96],[8,-3.03093,21.5662,0,30,96,0],[8,-2.99614,21.3186,0,31,96,0],[8,-3.01371,21.4437,0,32,96,0],[8,-2.97892,21.1961,0,33,96,0],[8,-2.97031,21.1349,1,34,96,96],[12,-4.49578,21.151,0,35,96,0],[12,-4.4438,20.9064,0,36,96,0],[12,-4.03982,19.0059,1,37,96,96],[12,-4.24181,19.9561,1,38,96,96],[12,-4.34281,20.4313,1,39,96,96],[12,-4.44528,20.9134,0,40,96,0],[12,-4.3933,20.6689,0,41,96,0],[12,-4.36805,20.5501,1,42,96,96],[12,-4.43266,20.854,0,43,96,0],[12,-4.38068,20.6095,0,44,96,0],[16,-5.86819,20.4648,0,45,96,0],[16,-5.79928,20.2245,0,46,96,0],[16,-5.27208,18.3859,1,47,96,96],[16,-5.53568,19.3052,1,48,96,96],[16,-5.66748,19.7649,1,49,96,96],[16,-5.73338,19.9947,1,50,96,96],[16,-5.83524,20.3499,0,51,96,0],[16,-5.76633,20.1096,0,52,96,0],[16,-5.81877,20.2925,0,53,96,0],[16,-5.74986,20.0521,0,54,96,0],[20,-7.2099,19.809,0,55,96,0],[20,-7.1244,19.5741,0,56,96,0],[20,-6.47672,17.7947,1,57,96,96],[20,-6.80056,18.6844,1,58,96,96],[20,-6.96248,19.1293,1,59,96,96],[20,-7.04344,19.3517,1,60,96,96],[20,-7.08392,19.4629,1,61,96,96],[20,-7.18966,19.7534,0,62,96,0],[20,-7.10416,19.5185,0,63,96,0],[24,-8.43636,18.9484,1,64,96,96],[24,-9.38168,21.0716,0,65,96,0],[24,-9.28,20.8432,0,66,96,0],[24,-8.95986,20.1242,0,67,96,0],[24,-8.85818,19.8958,0,68,96,0],[24,-8.74895,19.6505,0,69,96,0],[24,-8.64727,19.4221,0,70,96,0],[24,-8.6435,19.4136,0,71,96,0],[24,-8.54181,19.1852,0,72,96,0],[24,-8.59077,19.2952,0,73,96,0],[24,-8.48909,19.0668,0,74,96,0],[24,-8.56441,19.236,0,75,96,0],[24,-8.46272,19.0076,0,76,96,0],[28,-9.7528,18.3423,1,77,96,96],[28,-10.8454,20.3973,0,78,96,0],[28,-10.7281,20.1766,0,79,96,0],[28,-10.3578,19.4802,0,80,96,0],[28,-10.2404,19.2595,0,81,96,0],[28,-10.114,19.0216,0,82,96,0],[28,-9.99662,18.8009,0,83,96,0],[28,-9.99207,18.7924,0,84,96,0],[28,-9.87471,18.5716,0,85,96,0],[28,-9.93112,18.6777,0,86,96,0],[28,-9.81375,18.457,0,87,96,0],[28,-9.78327,18.3997,1,88,96,96],[32,-11.0601,17.6999,1,89,96,96],[32,-12.2986,19.6819,0,90,96,0],[32,-12.1662,19.4699,0,91,96,0],[32,-11.7456,18.7969,0,92,96,0],[32,-11.6131,18.5849,0,93,96,0],[32,-11.4691,18.3544,0,94,96,0],[32,-11.3366,18.1424,0,95,96,0],[32,-11.3309,18.1332,0,96,96,0],[32,-11.1984,17.9212,0,97,96,0],[32,-11.1293,17.8105,1,98,96,96],[32,-11.2963,18.0779,0,99,96,0],[32,-11.1638,17.8659,0,100,96,0],[36,-12.3637,17.0172,1,101,96,96],[36,-13.747,18.9212,0,102,96,0],[36,-13.6001,18.7189,0,103,96,0],[36,-13.1289,18.0703,0,104,96,0],[36,-12.9819,17.8681,0,105,96,0],[36,-12.8198,17.6449,0,106,96,0],[36,-12.6728,17.4426,0,107,96,0],[36,-12.5183,17.2299,1,108,96,96],[36,-12.7425,17.5385,0,109,96,0],[36,-12.5955,17.3363,0,110,96,0],[36,-12.7039,17.4854,0,111,96,0],[36,-12.5569,17.2831,0,112,96,0],[40,-13.7108,16.3399,1,113,96,96],[40,-15.2426,18.1654,0,114,96,0],[40,-15.0819,17.9739,0,115,96,0],[40,-14.557,17.3484,0,116,96,0],[40,-14.3963,17.1569,0,117,96,0],[40,-14.2143,16.9399,0,118,96,0],[40,-14.0536,16.7484,0,119,96,0],[40,-13.8822,16.5441,1,120,96,96],[40,-13.9679,16.6463,1,121,96,96],[40,-14.1714,16.8888,0,122,96,0],[40,-14.0107,16.6973,0,123,96,0],[44,-15.1182,15.6553,1,124,96,96],[44,-16.8037,17.4007,0,125,96,0],[44,-16.63,17.2209,0,126,96,0],[44,-16.0478,16.6179,0,127,96,0],[44,-15.8741,16.4381,0,128,96,0],[44,-15.4961,16.0467,1,129,96,96],[44,-15.8588,16.4223,0,130,96,0],[44,-15.6851,16.2424,0,131,96,0],[44,-15.7643,16.3244,0,132,96,0],[44,-15.5906,16.1446,0,133,96,0],[44,-15.7171,16.2755,0,134,96,0],[44,-15.5434,16.0956,0,135,96,0],[48,-16.603,14.9494,1,136,96,96],[48,-18.4491,16.6117,0,137,96,0],[48,-18.2633,16.4444,0,138,96,0],[48,-17.619,15.8642,0,139,96,0],[48,-17.4332,15.6969,0,140,96,0],[48,-17.0181,15.3232,1,141,96,96],[48,-17.4114,15.6773,0,142,96,0],[48,-17.2256,15.51,0,143,96,0],[48,-17.3077,15.5839,0,144,96,0],[48,-17.1219,15.4166,0,145,96,0],[48,-17.07,15.3699,1,146,96,96],[52,-18.1281,14.1632,1,147,96,96],[52,-20.1379,15.7334,0,148,96,0],[52,-19.9409,15.5795,0,149,96,0],[52,-19.2315,15.0253,0,150,96,0],[52,-19.0345,14.8714,0,151,96,0],[52,-18.5813,14.5173,1,152,96,96],[52,-18.8079,14.6943,1,153,96,96],[52,-19.1182,14.9368,0,154,96,0],[52,-18.9212,14.7828,0,155,96,0],[52,-19.0615,14.8925,0,156,96,0],[52,-18.8645,14.7386,0,157,96,0],[56,-19.8169,13.3667,1,158,96,96],[56,-22.0058,14.8431,0,159,96,0],[56,-21.7986,14.7033,0,160,96,0],[56,-21.015,14.1748,0,161,96,0],[56,-20.8077,14.035,0,162,96,0],[56,-20.3123,13.7008,1,163,96,96],[56,-20.56,13.8679,1,164,96,96],[56,-20.8911,14.0912,0,165,96,0],[56,-20.6839,13.9514,0,166,96,0],[56,-20.6219,13.9097,1,167,96,96],[60,-21.5743,12.456,1,168,96,96],[60,-23.9483,13.8265,0,169,96,0],[60,-23.7318,13.7015,0,170,96,0],[60,-22.6531,13.0787,1,171,96,96],[60,-23.4089,13.5151,0,172,96,0],[60,-23.1924,13.3901,0,173,96,0],[60,-23.1392,13.3594,0,174,96,0],[60,-22.9227,13.2344,0,175,96,0],[60,-23.0044,13.2816,0,176,96,0],[60,-22.7879,13.1566,0,177,96,0],[60,-22.937,13.2427,0,178,96,0],[60,-22.7205,13.1177,0,179,96,0],[64,-23.5452,11.4838,1,180,96,96],[64,-26.1244,12.7417,0,181,96,0],[64,-25.8997,12.6321,0,182,96,0],[64,-24.7224,12.0579,1,183,96,96],[64,-25.5358,12.4546,0,184,96,0],[64,-25.3111,12.345,0,185,96,0],[64,-25.2415,12.3111,0,186,96,0],[64,-25.0168,12.2015,0,187,96,0],[64,-24.8696,12.1297,1,188,96,96],[64,-25.1679,12.2752,0,189,96,0],[64,-24.9432,12.1656,0,190,96,0],[68,-25.6931,10.3807,1,191,96,96],[68,-28.4942,11.5124,0,192,96,0],[68,-28.2624,11.4188,0,193,96,0],[68,-26.9778,10.8997,1,194,96,96],[68,-27.8519,11.2529,0,195,96,0],[68,-27.6201,11.1592,0,196,96,0],[68,-27.2989,11.0295,1,197,96,96],[68,-27.4595,11.0944,1,198,96,96],[68,-27.7716,11.2204,0,199,96,0],[68,-27.5398,11.1268,0,200,96,0],[72,-28.2077,9.16524,1,201,96,96],[72,-31.2662,10.159,0,202,96,0],[72,-31.0285,10.0818,0,203,96,0],[72,-29.6181,9.6235,1,204,96,96],[72,-30.3233,9.85263,1,205,96,96],[72,-30.9136,10.0444,0,206,96,0],[72,-30.6759,9.96719,0,207,96,0],[72,-30.7373,9.98716,0,208,96,0],[72,-30.4996,9.90991,0,209,96,0],[72,-30.6492,9.95852,0,210,96,0],[72,-30.4114,9.88127,0,211,96,0],[76,-30.9817,7.72459,1,212,96,96],[76,-34.3224,8.55753,0,213,96,0],[76,-34.0798,8.49705,0,214,96,0],[76,-32.5307,8.11082,1,215,96,96],[76,-33.3053,8.30394,1,216,96,96],[76,-33.9351,8.46098,0,217,96,0],[76,-33.6925,8.4005,0,218,96,0],[76,-33.4989,8.35222,1,219,96,96],[76,-33.5957,8.37636,1,220,96,96],[80,-34.1473,6.0211,1,221,96,96],[80,-37.8083,6.66662,0,222,96,0],[80,-37.5621,6.62321,0,223,96,0],[80,-35.8547,6.32215,1,224,96,96],[80,-36.7084,6.47268,1,225,96,96],[80,-37.1352,6.54794,1,226,96,96],[80,-37.3486,6.58557,1,227,96,96],[80,-37.4554,6.60439,1,228,96,96],[84,-37.8787,3.98121,1,229,96,96],[84,-41.6666,4.37933,1,230,95,96],[84,-46.0819,4.8434,0,231,96,0],[84,-45.8332,4.81727,0,232,96,0],[84,-43.9985,4.62443,0,233,96,0],[84,-43.7499,4.5983,0,234,96,0],[84,-42.9569,4.51495,0,235,96,0],[84,-42.7082,4.48882,0,236,96,0],[84,-42.436,4.46021,0,237,96,0],[84,-42.1874,4.43407,0,238,96,0],[84,-41.927,4.4067,1,239,95,96],[84,-42.3058,4.44652,0,240,96,0],[84,-42.0572,4.42039,0,241,96,0],[88,-42.1977,1.47358,1,242,95,95],[88,-46.6673,1.62966,0,243,96,0],[88,-46.4174,1.62093,0,244,96,0],[88,