{
  "type":1,
  "device":3,

  "m":1,
  "n":96,

  "rcut":8,
  "rmax":12,

  "beta":100,
  "len":1,
  "gamma":100,
  "epsilon":1,
  "epsilon_bottom":1,
  "epsilon_top":1,
  "lambda":0,
  "mu":0,
  "sigma":1,
  "pressure":0,

  "delta":[0],

  "sub_x":-150,
  "sub_y":1,
  "sub_h":1,
  "sub_count":300,

  "osub":-150,
  "osub_h":1,
  "osub_count":300,

  "reltol":1e-11,
  "abstol":1e-11,
  "movtol":1e-8,

  "init":[-0.562286,-1.48576,-2.49385,-3.49614,-4.49718,-5.49796,-6.49841,-7.49866,-8.4988,-9.49888,-10.4989,-11.4989,-12.499,-13.499,-14.499,-15.499,-16.499,-17.499,-18.499,-19.499,-20.499,-21.499,-22.499,-23.499,-24.499,-25.499,-26.499,-27.499,-28.499,-29.499,-30.499,-31.499,-32.499,-33.499,-34.499,-35.499,-36.499,-37.499,-38.499,-39.499,-40.499,-41.499,-42.499,-43.499,-44.499,-45.499,-46.499,-47.499,-48.499,-49.499,-50.499,-51.499,-52.499,-53.499,-54.499,-55.499,-56.499,-57.499,-58.499,-59.499,-60.499,-61.499,-62.499,-63.499,-64.499,-65.499,-66.499,-67.499,-68.499,-69.499,-70.499,-71.499,-72.499,-73.499,-74.499,-75.499,-76.499,-77.499,-78.499,-79.499,-80.499,-81.499,-82.499,-83.499,-84.499,-85.499,-86.499,-87.499,-88.499,-89.4989,-90.4989,-91.4988,-92.4987,-93.4985,-94.4981,-95.498,0.747295,0.971407,0.943817,0.893859,0.870037,0.864698,0.86562,0.867044,0.867709,0.867851,0.867822,0.867781,0.867762,0.867758,0.867759,0.86776,0.867761,0.867761,0.867761,0.867761,0.867761,0.867761,0.867761,0.867761,0.867761,0.867761,0.867761,0.867761,0.867761,0.867761,0.867761,0.867761,0.867761,0.867761,0.867761,0.867761,0.867761,0.867761,0.867761,0.867761,0.867761,0.867761,0.867761,0.867761,0.867761,0.867761,0.867761,0.867761,0.867761,0.867761,0.867761,0.867761,0.867761,0.867761,0.867761,0.867761,0.867761,0.867761,0.867761,0.867761,0.867761,0.867761,0.867761,0.867761,0.867761,0.867761,0.867761,0.867761,0.867761,0.867761,0.867761,0.867761,0.867761,0.867761,0.867761,0.867761,0.867761,0.867761,0.867761,0.867761,0.867761,0.867761,0.867761,0.867761,0.867761,0.867761,0.867761,0.867761,0.867761,0.867761,0.867762,0.867762,0.867763,0.867764,0.867766,0.867767,-149.998,1.73552],

  "range":[ 0, 4, 180 ],

  "save":1
}
