{
  "type":1,
  "device":3,

  "m":1,
  "n":96,

  "rcut":8,
  "rmax":12,

  "beta":1,
  "len":1,
  "gamma":1000,
  "epsilon":1,
  "epsilon_bottom":1,
  "epsilon_top":1,
  "lambda":0,
  "mu":0,
  "sigma":1,
  "pressure":0,

  "delta":[0],

  "sub_x":-150,
  "sub_y":1,
  "sub_h":1,
  "sub_count":300,

  "osub":-150,
  "osub_h":1,
  "osub_count":300,

  "reltol":1e-11,
  "abstol":1e-11,
  "movtol":1e-8,

  "init":[-0.50489,-1.5041,-2.50342,-3.50288,-4.50242,-5.50205,-6.50174,-7.50148,-8.50127,-9.5011,-10.5009,-11.5008,-12.5007,-13.5006,-14.5006,-15.5005,-16.5005,-17.5004,-18.5004,-19.5004,-20.5004,-21.5003,-22.5003,-23.5003,-24.5003,-25.5003,-26.5003,-27.5003,-28.5003,-29.5003,-30.5003,-31.5003,-32.5003,-33.5003,-34.5003,-35.5003,-36.5003,-37.5003,-38.5003,-39.5003,-40.5003,-41.5003,-42.5003,-43.5003,-44.5003,-45.5003,-46.5003,-47.5003,-48.5003,-49.5003,-50.5003,-51.5003,-52.5003,-53.5003,-54.5003,-55.5003,-56.5003,-57.5003,-58.5003,-59.5003,-60.5003,-61.5003,-62.5003,-63.5003,-64.5003,-65.5003,-66.5003,-67.5003,-68.5003,-69.5002,-70.5002,-71.5002,-72.5002,-73.5002,-74.5002,-75.5002,-76.5002,-77.5002,-78.5002,-79.5002,-80.5002,-81.5002,-82.5002,-83.5002,-84.5002,-85.5002,-86.5002,-87.5001,-88.5001,-89.5001,-90.5001,-91.5,-92.5,-93.4999,-94.4998,-95.4998,0.862112,0.870376,0.86384,0.863728,0.863753,0.863753,0.863753,0.863753,0.863752,0.863752,0.863752,0.863752,0.863751,0.863751,0.863751,0.863751,0.863751,0.863751,0.863751,0.863751,0.863751,0.863751,0.863751,0.863751,0.863751,0.863751,0.863751,0.863751,0.863751,0.863751,0.863751,0.863751,0.863751,0.863751,0.863751,0.863751,0.863751,0.863751,0.863751,0.863751,0.863751,0.863751,0.863751,0.863751,0.863751,0.863751,0.863751,0.863751,0.863751,0.863751,0.863751,0.863751,0.863751,0.863751,0.863751,0.863751,0.863751,0.863751,0.863751,0.863751,0.863751,0.863751,0.863751,0.863751,0.863751,0.863751,0.863751,0.863751,0.863751,0.863751,0.863751,0.863751,0.863751,0.863751,0.863751,0.863751,0.863751,0.863751,0.863751,0.863751,0.863751,0.863751,0.863751,0.863751,0.863751,0.863751,0.863751,0.863751,0.863751,0.86375,0.86375,0.86375,0.86375,0.86375,0.86375,0.86375,-150.001,1.7275],

  "range":[ 0, 4, 180 ],

  "save":7
}
