{
  "type":1,
  "device":3,

  "m":1,
  "n":96,

  "rcut":8,
  "rmax":12,

  "beta":10,
  "len":1,
  "gamma":100,
  "epsilon":1,
  "epsilon_bottom":1,
  "epsilon_top":1,
  "lambda":0,
  "mu":0,
  "sigma":1,
  "pressure":0,

  "delta":[0],

  "sub_x":-150,
  "sub_y":1,
  "sub_h":1,
  "sub_count":300,

  "osub":-150,
  "osub_h":1,
  "osub_count":300,

  "reltol":1e-11,
  "abstol":1e-11,
  "movtol":1e-8,

  "init":[-0.54061,-1.51777,-2.51001,-3.50585,-4.50357,-5.50231,-6.50161,-7.50122,-8.50101,-9.50089,-10.5008,-11.5008,-12.5008,-13.5008,-14.5008,-15.5007,-16.5007,-17.5007,-18.5007,-19.5007,-20.5007,-21.5007,-22.5007,-23.5007,-24.5007,-25.5007,-26.5007,-27.5007,-28.5007,-29.5007,-30.5007,-31.5007,-32.5007,-33.5007,-34.5007,-35.5007,-36.5007,-37.5007,-38.5007,-39.5007,-40.5007,-41.5007,-42.5007,-43.5007,-44.5007,-45.5007,-46.5007,-47.5007,-48.5007,-49.5007,-50.5007,-51.5007,-52.5007,-53.5007,-54.5007,-55.5007,-56.5007,-57.5007,-58.5007,-59.5007,-60.5007,-61.5007,-62.5007,-63.5007,-64.5007,-65.5007,-66.5007,-67.5007,-68.5007,-69.5007,-70.5007,-71.5007,-72.5007,-73.5007,-74.5007,-75.5007,-76.5007,-77.5007,-78.5007,-79.5007,-80.5007,-81.5007,-82.5007,-83.5007,-84.5007,-85.5007,-86.5007,-87.5007,-88.5007,-89.5007,-90.5007,-91.5006,-92.5005,-93.5003,-94.4999,-95.4998,0.820422,0.904869,0.871333,0.863629,0.863781,0.864076,0.864109,0.864102,0.864099,0.864098,0.864098,0.864098,0.864098,0.864098,0.864098,0.864098,0.864098,0.864098,0.864098,0.864098,0.864098,0.864098,0.864098,0.864098,0.864098,0.864098,0.864098,0.864098,0.864098,0.864098,0.864098,0.864098,0.864098,0.864098,0.864098,0.864098,0.864098,0.864098,0.864098,0.864098,0.864098,0.864098,0.864098,0.864098,0.864098,0.864098,0.864098,0.864098,0.864098,0.864098,0.864098,0.864098,0.864098,0.864098,0.864098,0.864098,0.864098,0.864098,0.864098,0.864098,0.864098,0.864098,0.864098,0.864098,0.864098,0.864098,0.864098,0.864098,0.864098,0.864098,0.864098,0.864098,0.864098,0.864098,0.864098,0.864098,0.864098,0.864098,0.864098,0.864098,0.864098,0.864098,0.864098,0.864098,0.864098,0.864098,0.864098,0.864098,0.864097,0.864097,0.864097,0.864097,0.864096,0.864096,0.864094,0.864093,-150.001,1.7282],

  "range":[ 0, 4, 180 ],

  "save":0
}
