{
  "type":2,
  "device":3,

  "m":1,
  "n":32,

  "rcut":8,
  "rmax":12,

  "beta":1000,
  "len":1,
  "gamma":100,
  "lambda":0,
  "mu":0,
  "sigma":1,
  "pressure":0,

  "epsilon":1,
  "epsilon_bottom":1,
  "epsilon_top":1,
  "epsilon_subs":0,

  "f2f_switch":true,
  "f2l_switch":true,
  "f2u_switch":true,
  "s2s_switch":false,

  "delta":[0],

  "sub_x":-100,
  "sub_y":41,
  "sub_h":1,
  "sub_count":200,

  "osub":-100,
  "osub_h":1,
  "osub_count":200,

  "reltol":1e-11,
  "abstol":1e-11,
  "movtol":1e-8,

  "range":[ 0, 4, 180 ],

  "init":[1.70452e-12,5.04706e-12,9.9497e-12,1.63388e-11,2.41419e-11,3.32865e-11,4.37007e-11,5.53128e-11,6.80516e-11,8.18465e-11,9.66276e-11,1.12326e-10,1.28873e-10,1.46203e-10,1.64249e-10,1.82948e-10,2.02237e-10,2.22057e-10,2.42348e-10,2.63055e-10,2.84125e-10,3.05506e-10,3.27152e-10,3.49017e-10,3.7106e-10,3.93244e-10,4.15536e-10,4.37906e-10,4.60328e-10,4.82782e-10,5.05254e-10,5.27742e-10,0.994288,1.99276,2.99166,3.99062,4.98958,5.98855,6.98752,7.98649,8.98545,9.98442,10.9834,11.9824,12.9813,13.9803,14.9793,15.9782,16.9772,17.9762,18.9751,19.9741,20.9731,21.972,22.971,23.97,24.9689,25.9679,26.9669,27.9658,28.9648,29.9638,30.9628,31.9623,-100,41],
  "save":1
}
