{
  "type":1,
  "device":3,

  "m":1,
  "n":32,

  "rcut":8,
  "rmax":12,

  "beta":10,
  "len":1,
  "gamma":100,
  "epsilon":1,
  "epsilon_bottom":1,
  "epsilon_top":1,
  "lambda":0,
  "mu":0,
  "sigma":1,
  "pressure":0,

  "delta":[0],

  "sub_x":-100,
  "sub_y":41,
  "sub_h":1,
  "sub_count":200,

  "osub":-100,
  "osub_h":1,
  "osub_count":200,

  "reltol":1e-11,
  "abstol":1e-11,
  "movtol":1e-8,

  "range":[ 0, 4, 180 ],

  "init":[4.57854e-11,1.17048e-10,2.07909e-10,3.14187e-10,4.31913e-10,5.57288e-10,6.86696e-10,8.1673e-10,9.44224e-10,1.06628e-09,1.18031e-09,1.28402e-09,1.37549e-09,1.45312e-09,1.51568e-09,1.56231e-09,1.59249e-09,1.60607e-09,1.60323e-09,1.58445e-09,1.5505e-09,1.50243e-09,1.44146e-09,1.36901e-09,1.28663e-09,1.19592e-09,1.09852e-09,9.96013e-10,8.89882e-10,7.81445e-10,6.71786e-10,5.61644e-10,0.994288,1.99276,2.99166,3.99062,4.98958,5.98855,6.98752,7.98649,8.98545,9.98442,10.9834,11.9824,12.9813,13.9803,14.9793,15.9782,16.9772,17.9762,18.9751,19.9741,20.9731,21.972,22.971,23.97,24.9689,25.9679,26.9669,27.9658,28.9648,29.9638,30.9628,31.9623,-100,41],
  "save":0
}
