{
  "type":1,
  "device":3,

  "m":1,
  "n":32,

  "rcut":8,
  "rmax":12,

  "beta":1,
  "len":1,
  "gamma":100,
  "epsilon":1,
  "epsilon_bottom":0.01,
  "epsilon_top":1,
  "lambda":0,
  "mu":0,
  "sigma":1,
  "pressure":0,

  "delta":[0],

  "sub_x":-100,
  "sub_y":1,
  "sub_h":1,
  "sub_count":200,

  "osub":-100,
  "osub_h":1,
  "osub_count":200,

  "reltol":1e-11,
  "abstol":1e-11,
  "movtol":1e-8,

  "init":[-0.546125,-1.54347,-2.54185,-3.5408,-4.54011,-5.53966,-6.53937,-7.53917,-8.53905,-9.53897,-10.5389,-11.5389,-12.5389,-13.5388,-14.5388,-15.5388,-16.5388,-17.5388,-18.5388,-19.5388,-20.5388,-21.5388,-22.5388,-23.5387,-24.5387,-25.5386,-26.5386,-27.5384,-28.5382,-29.5379,-30.5374,-31.5372,0.838349,0.866786,0.857062,0.856546,0.856611,0.856617,0.856617,0.856616,0.856616,0.856615,0.856615,0.856615,0.856615,0.856615,0.856615,0.856615,0.856615,0.856615,0.856615,0.856615,0.856615,0.856614,0.856614,0.856614,0.856614,0.856614,0.856613,0.856612,0.856611,0.856608,0.856603,0.8566,-100.039,1.72018],
  "range":[ 0, 4, 180 ]

}
