{
  "type":2,
  "device":3,

  "m":1,
  "n":32,

  "rcut":8,
  "rmax":12,

  "beta":10,
  "len":1,
  "gamma":1000,
  "lambda":0,
  "mu":0,
  "sigma":1,
  "pressure":0,

  "epsilon":1,
  "epsilon_bottom":1,
  "epsilon_top":1,
  "epsilon_subs":0,

  "f2f_switch":true,
  "f2l_switch":true,
  "f2u_switch":true,
  "s2s_switch":false,

  "delta":[0],

  "sub_x":-100,
  "sub_y":41,
  "sub_h":1,
  "sub_count":200,

  "osub":-100,
  "osub_h":1,
  "osub_count":200,

  "reltol":1e-11,
  "abstol":1e-11,
  "movtol":1e-8,

  "range":[ 0, 4, 180 ],

  "init":[1.84828e-10,2.87387e-10,3.26093e-10,3.17625e-10,2.78117e-10,2.21088e-10,1.5741e-10,9.54134e-11,4.10845e-11,-1.6868e-12,-3.08001e-11,-4.56189e-11,-4.66424e-11,-3.51934e-11,-1.31338e-11,1.73834e-11,5.412e-11,9.49167e-11,1.37814e-10,1.81133e-10,2.23526e-10,2.6399e-10,3.01863e-10,3.36797e-10,3.6872e-10,3.97788e-10,4.24333e-10,4.48803e-10,4.71712e-10,4.93576e-10,5.14865e-10,5.35946e-10,0.999248,1.9991,2.99899,3.99888,4.99878,5.99868,6.99858,7.99847,8.99837,9.99827,10.9982,11.9981,12.998,13.9979,14.9978,15.9977,16.9976,17.9974,18.9973,19.9972,20.9971,21.997,22.9969,23.9968,24.9967,25.9966,26.9965,27.9964,28.9963,29.9962,30.9961,31.9961,-100,41],
  "save":5
}
