{
  "type":1,
  "device":3,

  "m":1,
  "n":32,

  "rcut":8,
  "rmax":12,

  "beta":10,
  "len":1,
  "gamma":100,
  "epsilon":1,
  "epsilon_bottom":1,
  "epsilon_top":1,
  "lambda":0,
  "mu":0,
  "sigma":1,
  "pressure":0,

  "delta":[0],

  "sub_x":-100,
  "sub_y":1,
  "sub_h":1,
  "sub_count":200,

  "osub":-100,
  "osub_h":1,
  "osub_count":200,

  "reltol":1e-11,
  "abstol":1e-11,
  "movtol":1e-8,

  "init":[-0.541493,-1.51917,-2.51151,-3.50735,-4.50506,-5.50379,-6.50308,-7.50269,-8.50247,-9.50235,-10.5023,-11.5022,-12.5022,-13.5022,-14.5022,-15.5022,-16.5022,-17.5022,-18.5022,-19.5022,-20.5022,-21.5022,-22.5022,-23.5022,-24.5022,-25.5022,-26.5021,-27.502,-28.5019,-29.5017,-30.5014,-31.5012,0.820767,0.906094,0.872376,0.864499,0.864619,0.86491,0.864939,0.864928,0.864923,0.864921,0.864921,0.86492,0.86492,0.86492,0.86492,0.86492,0.86492,0.86492,0.86492,0.864919,0.864919,0.864919,0.864919,0.864919,0.864919,0.864919,0.864918,0.864918,0.864916,0.864913,0.864909,0.864907,-100.004,1.72984],
  "range":[ 0, 4, 180 ]

}
