{
  "type":0,
  "device":3,

  "m":1,
  "n":32,

  "rcut":8,
  "rmax":12,

  "beta":1,
  "len":1,
  "gamma":100,
  "epsilon":1,
  "epsilon_bottom":1,
  "epsilon_top":1,
  "lambda":0,
  "mu":0,
  "sigma":1,
  "pressure":0,

  "delta":[0],

  "sub_x":-100,
  "sub_y":1,
  "sub_h":1,
  "sub_count":200,

  "osub":-100,
  "osub_h":1,
  "osub_count":200,

  "reltol":1e-11,
  "abstol":1e-11,
  "movtol":1e-8,

  "init":[-0.508224,-1.50496,-2.50295,-3.50184,-4.50122,-5.50088,-6.50069,-7.50059,-8.50053,-9.5005,-10.5005,-11.5005,-12.5005,-13.5005,-14.5005,-15.5005,-16.5005,-17.5005,-18.5005,-19.5005,-20.5005,-21.5005,-22.5005,-23.5004,-24.5004,-25.5004,-26.5004,-27.5003,-28.5002,-29.5,-30.4996,-31.4995,0.857596,0.870185,0.863867,0.863713,0.863735,0.863735,0.863734,0.863734,0.863734,0.863734,0.863734,0.863734,0.863734,0.863734,0.863734,0.863734,0.863734,0.863734,0.863734,0.863734,0.863734,0.863734,0.863734,0.863734,0.863734,0.863734,0.863733,0.863733,0.863733,0.863732,0.863731,0.863731,-100.001,1.72747],

  "range":[ 0, 4, 180 ],

  "save":0
}
