{
  "type":2,
  "device":3,

  "m":1,
  "n":32,

  "rcut":8,
  "rmax":12,

  "beta":10,
  "len":1,
  "gamma":100,
  "lambda":0,
  "mu":0,
  "sigma":1,
  "pressure":1,

  "epsilon":1,
  "epsilon_bottom":1,
  "epsilon_top":1,
  "epsilon_subs":0,

  "f2f_switch":true,
  "f2l_switch":true,
  "f2u_switch":true,
  "s2s_switch":false,

  "delta":[0],

  "sub_x":-100,
  "sub_y":41,
  "sub_h":1,
  "sub_count":200,

  "osub":-100,
  "osub_h":1,
  "osub_count":0,

  "reltol":1e-11,
  "abstol":1e-11,
  "movtol":1e-8,

  "range":[ 0, 4, 180 ],

  "init":[1.23663e-12,3.09622e-12,5.55061e-12,8.673e-12,1.25486e-11,1.72636e-11,2.29019e-11,2.95433e-11,3.72617e-11,4.61242e-11,5.61893e-11,6.75058e-11,8.01114e-11,9.40316e-11,1.09279e-10,1.25851e-10,1.43732e-10,1.6289e-10,1.83278e-10,2.04836e-10,2.2749e-10,2.51152e-10,2.75726e-10,3.01104e-10,3.27175e-10,3.53824e-10,3.80936e-10,4.084e-10,4.36114e-10,4.63987e-10,4.91944e-10,5.19945e-10,0.968444,1.96544,2.96407,3.96294,4.96187,5.96082,6.95978,7.95874,8.95771,9.95667,10.9556,11.9546,12.9536,13.9525,14.9515,15.9505,16.9494,17.9484,18.9474,19.9464,20.9453,21.9443,22.9433,23.9422,24.9412,25.9402,26.9391,27.9381,28.9371,29.936,30.935,31.9345,-100,41],
  "save":6
}
