{
  "type":2,
  "device":3,

  "m":1,
  "n":32,

  "rcut":8,
  "rmax":12,

  "beta":100,
  "len":1,
  "gamma":100,
  "lambda":0,
  "mu":0,
  "sigma":1,
  "pressure":0,

  "epsilon":1,
  "epsilon_bottom":1,
  "epsilon_top":1,
  "epsilon_subs":0,

  "f2f_switch":true,
  "f2l_switch":true,
  "f2u_switch":true,
  "s2s_switch":false,

  "delta":[0],

  "sub_x":-100,
  "sub_y":41,
  "sub_h":1,
  "sub_count":200,

  "osub":-100,
  "osub_h":1,
  "osub_count":200,

  "reltol":1e-11,
  "abstol":1e-11,
  "movtol":1e-8,

  "range":[ 0, 4, 180 ],

  "init":[5.84922e-12,1.70081e-11,3.31546e-11,5.39978e-11,7.92534e-11,1.0864e-10,1.4188e-10,1.78698e-10,2.18825e-10,2.61998e-10,3.0796e-10,3.56461e-10,4.07263e-10,4.60134e-10,5.14854e-10,5.71215e-10,6.29021e-10,6.88086e-10,7.48239e-10,8.09322e-10,8.7119e-10,9.3371e-10,9.96765e-10,1.06025e-09,1.12407e-09,1.18814e-09,1.2524e-09,1.3168e-09,1.38127e-09,1.4458e-09,1.51036e-09,1.57495e-09,0.994288,1.99276,2.99166,3.99062,4.98958,5.98855,6.98752,7.98649,8.98545,9.98442,10.9834,11.9824,12.9813,13.9803,14.9793,15.9782,16.9772,17.9762,18.9751,19.9741,20.9731,21.972,22.971,23.97,24.9689,25.9679,26.9669,27.9658,28.9648,29.9638,30.9628,31.9623,-100,41],
  "save":0
}
