{
  "type":2,
  "device":3,

  "m":1,
  "n":32,

  "rcut":8,
  "rmax":12,

  "beta":10,
  "len":1,
  "gamma":100,
  "lambda":0,
  "mu":0,
  "sigma":1,
  "pressure":0,

  "epsilon":1,
  "epsilon_bottom":0.1,
  "epsilon_top":1,
  "epsilon_subs":0,

  "f2f_switch":true,
  "f2l_switch":true,
  "f2u_switch":true,
  "s2s_switch":false,

  "delta":[0],

  "sub_x":-100,
  "sub_y":41,
  "sub_h":1,
  "sub_count":200,

  "osub":-100,
  "osub_h":1,
  "osub_count":200,

  "reltol":1e-11,
  "abstol":1e-11,
  "movtol":1e-8,

  "range":[ 0, 4, 180 ],

  "init":[1.19899e-12,3.57028e-12,7.14759e-12,1.19636e-11,1.80462e-11,2.54173e-11,3.40908e-11,4.40713e-11,5.5352e-11,6.79137e-11,8.17247e-11,9.67398e-11,1.12902e-10,1.30141e-10,1.48378e-10,1.67527e-10,1.87493e-10,2.0818e-10,2.2949e-10,2.51328e-10,2.73603e-10,2.96228e-10,3.19127e-10,3.42232e-10,3.65484e-10,3.88837e-10,4.12254e-10,4.35707e-10,4.59179e-10,4.82658e-10,5.06139e-10,5.29632e-10,0.999248,1.99865,2.99765,3.99662,4.99559,5.99456,6.99353,7.99249,8.99146,9.99043,10.9894,11.9884,12.9873,13.9863,14.9853,15.9842,16.9832,17.9822,18.9811,19.9801,20.9791,21.978,22.977,23.976,24.975,25.9739,26.9729,27.9719,28.9708,29.9698,30.9688,31.9683,-100,41],
  "save":2
}
