{
  "type":1,
  "device":3,

  "m":1,
  "n":32,

  "rcut":8,
  "rmax":12,

  "beta":1,
  "len":1,
  "gamma":100,
  "epsilon":1,
  "epsilon_bottom":1,
  "epsilon_top":1,
  "lambda":0,
  "mu":0,
  "sigma":1,
  "pressure":1,

  "delta":[0],

  "sub_x":-100,
  "sub_y":1,
  "sub_h":1,
  "sub_count":200,

  "osub":-100,
  "osub_h":1,
  "osub_count":0,

  "reltol":1e-11,
  "abstol":1e-11,
  "movtol":1e-8,

  "init":[-0.495652,-1.49513,-2.49467,-3.49436,-4.49415,-5.49402,-6.49393,-7.49387,-8.49383,-9.49381,-10.4938,-11.4938,-12.4938,-13.4938,-14.4938,-15.4938,-16.4938,-17.4938,-18.4938,-19.4937,-20.4937,-21.4937,-22.4937,-23.4937,-24.4936,-25.4936,-26.4935,-27.4934,-28.4931,-29.4928,-30.4924,-31.4922,0.878173,0.896382,0.8909,0.890757,0.890775,0.890775,0.890775,0.890775,0.890775,0.890775,0.890775,0.890775,0.890775,0.890775,0.890775,0.890775,0.890775,0.890775,0.890775,0.890775,0.890775,0.890775,0.890775,0.890775,0.890775,0.890775,0.890775,0.890775,0.890775,0.890774,0.890773,0.890772,-99.9938,1.7543],
  "range":[ 0, 4, 180 ]

}
