{
  "type":1,
  "device":3,

  "m":1,
  "n":32,

  "rcut":8,
  "rmax":12,

  "beta":1,
  "len":1,
  "gamma":100,
  "epsilon":1,
  "epsilon_bottom":0,
  "epsilon_top":1,
  "lambda":0,
  "mu":0,
  "sigma":1,
  "pressure":0,

  "delta":[0],

  "sub_x":-100,
  "sub_y":1,
  "sub_h":1,
  "sub_count":200,

  "osub":-100,
  "osub_h":1,
  "osub_count":200,

  "reltol":1e-11,
  "abstol":1e-11,
  "movtol":1e-8,

  "init":[-0.701187,-1.70075,-2.70029,-3.69999,-4.69978,-5.69965,-6.69956,-7.6995,-8.69947,-9.69944,-10.6994,-11.6994,-12.6994,-13.6994,-14.6994,-15.6994,-16.6994,-17.6994,-18.6994,-19.6994,-20.6994,-21.6994,-22.6993,-23.6993,-24.6993,-25.6992,-26.6991,-27.699,-28.6988,-29.6985,-30.698,-31.6978,0.712977,0.729511,0.722291,0.721921,0.721968,0.721973,0.721973,0.721973,0.721973,0.721973,0.721973,0.721973,0.721973,0.721973,0.721973,0.721973,0.721973,0.721973,0.721973,0.721973,0.721973,0.721973,0.721973,0.721973,0.721973,0.721973,0.721973,0.721973,0.721972,0.72197,0.721968,0.721966,-100.199,1.58566],
  "range":[ 0, 4, 180 ]

}
