{
  "type":0,
  "device":3,

  "m":1,
  "n":32,

  "rcut":8,
  "rmax":12,

  "beta":1,
  "len":1,
  "gamma":100,
  "epsilon":1,
  "epsilon_bottom":0.1,
  "epsilon_top":1,
  "lambda":0,
  "mu":0,
  "sigma":1,
  "pressure":0,

  "delta":[0],

  "sub_x":-100,
  "sub_y":1,
  "sub_h":1,
  "sub_count":200,

  "osub":-100,
  "osub_h":1,
  "osub_count":200,

  "reltol":1e-11,
  "abstol":1e-11,
  "movtol":1e-8,

  "init":[-0.518627,-1.51469,-2.51218,-3.51059,-4.50956,-5.5089,-6.50847,-7.5082,-8.50802,-9.50791,-10.5078,-11.5078,-12.5078,-13.5077,-14.5077,-15.5077,-16.5077,-17.5077,-18.5077,-19.5077,-20.5077,-21.5077,-22.5077,-23.5077,-24.5076,-25.5076,-26.5075,-27.5074,-28.5072,-29.5069,-30.5064,-31.5062,0.851854,0.874401,0.864497,0.864075,0.86414,0.864144,0.864142,0.864141,0.86414,0.864139,0.864139,0.864138,0.864138,0.864138,0.864138,0.864138,0.864138,0.864138,0.864138,0.864138,0.864137,0.864137,0.864137,0.864137,0.864137,0.864136,0.864136,0.864134,0.864132,0.864129,0.864123,0.86412,-100.008,1.72786],

  "range":[ 0, 4, 180 ],

  "save":0

}
