{
	"abstol":1e-11,
	"beta":1,
	"delta":[0],
	"device":3,
	"epsilon":1,
	"epsilon_bottom":0.1,
	"epsilon_top":1,
	"gamma":100,
	"grid":[[0,-0,50.25,0,0,77,0],[0,-0,50,0,1,77,0],[0,-0,25,1,2,96,96],[0,-0,37.75,0,3,84,0],[0,-0,37.5,0,4,84,0],[0,-0,31.25,1,5,51,40],[0,-0,34.625,0,6,85,0],[0,-0,34.375,0,7,85,0],[0,-0,32.8125,1,8,42,49],[0,-0,33.8438,0,9,85,0],[0,-0,33.5938,0,10,85,0],[0,-0,33.4531,0,11,85,0],[0,-0,33.2031,0,12,85,0],[4,-2.31995,33.1768,0,13,85,0],[4,-2.30251,32.9274,0,14,85,0],[4,-2.11063,30.1834,0,15,48,0],[4,-2.09319,29.934,0,16,48,0],[4,-1.9029,27.2127,1,17,49,31],[4,-2.01548,28.8228,0,18,48,0],[4,-1.99804,28.5734,0,19,48,0],[4,-1.95047,27.8931,1,20,49,31],[4,-1.9917,28.4826,0,21,48,0],[4,-1.97426,28.2332,0,22,48,0],[8,-3.94996,28.1055,0,23,48,0],[8,-3.91517,27.8579,0,24,48,0],[8,-3.55925,25.3253,1,25,96,96],[8,-3.73721,26.5916,2,26,44,0],[8,-3.772,26.8392,1,27,49,32],[8,-3.84359,27.3485,1,28,49,32],[8,-3.87938,27.6032,1,29,50,31],[12,-5.87414,27.6357,0,30,48,0],[12,-5.82217,27.3911,0,31,48,0],[12,-5.29288,24.901,1,32,96,96],[12,-5.55752,26.1461,1,33,48,20],[12,-5.68984,26.7686,1,34,50,32],[12,-5.80798,27.3244,0,35,48,0],[12,-5.756,27.0799,0,36,48,0],[16,-7.65603,26.6998,0,37,15,0],[16,-7.58712,26.4594,0,38,16,0],[16,-6.89738,24.054,1,39,96,96],[16,-7.31116,25.4971,0,40,44,0],[16,-7.24225,25.2567,0,41,44,0],[16,-7.06982,24.6554,1,42,96,96],[16,-7.15604,24.9561,1,43,48,22],[20,-9.01845,24.778,0,44,1,0],[20,-8.93294,24.5431,0,45,1,0],[20,-8.12086,22.3119,1,46,96,96],[20,-8.5269,23.4275,1,47,96,96],[20,-8.72992,23.9853,1,48,96,96],[20,-8.91694,24.4991,0,49,1,0],[20,-8.83143,24.2642,0,50,1,0],[24,-10.5438,23.6818,0,51,1,0],[24,-10.4421,23.4534,0,52,1,0],[24,-9.49286,21.3213,1,53,96,96],[24,-9.9675,22.3874,1,54,96,96],[24,-10.2048,22.9204,1,55,96,96],[24,-10.3235,23.1869,1,56,96,96],[28,-11.9843,22.5391,1,57,96,96],[28,-13.3,25.0137,0,58,1,0],[28,-13.1827,24.793,0,59,1,0],[28,-12.7008,23.8868,0,60,1,0],[28,-12.5835,23.6661,0,61,1,0],[28,-12.4012,23.3233,0,62,1,0],[28,-12.2839,23.1026,0,63,1,0],[28,-12.2514,23.0416,0,64,1,0],[28,-12.1341,22.8208,0,65,1,0],[32,-13.6119,21.7835,1,66,96,96],[32,-15.1055,24.1739,0,67,1,0],[32,-14.973,23.9619,0,68,1,0],[32,-14.4249,23.0847,0,69,1,0],[32,-14.2924,22.8727,0,70,1,0],[32,-14.0846,22.5401,0,71,1,0],[32,-13.9522,22.3281,0,72,1,0],[32,-13.9145,22.2678,0,73,1,0],[32,-13.782,22.0558,0,74,1,0],[36,-15.1926,20.9108,1,75,96,96],[36,-16.8588,23.2042,0,76,1,0],[36,-16.7119,23.0019,0,77,1,0],[36,-16.0992,22.1586,0,78,1,0],[36,-15.9522,21.9564,0,79,1,0],[36,-15.7194,21.6358,0,80,1,0],[36,-15.5724,21.4336,0,81,1,0],[36,-15.3825,21.1722,1,82,96,96],[40,-16.9258,20.1714,1,83,96,96],[40,-18.7791,22.38,0,84,1,0],[40,-18.6184,22.1885,0,85,1,0],[40,-17.9328,21.3714,0,86,1,0],[40,-17.7721,21.1799,0,87,1,0],[40,-17.5096,20.8671,0,88,1,0],[40,-17.3489,20.6756,0,89,1,0],[40,-17.1373,20.4235,1,90,96,96],[44,-18.6346,19.2967,1,91,96,96],[44,-20.6717,21.4062,0,92,1,0],[44,-20.4981,21.2264,0,93,1,0],[44,-19.74,20.4414,0,94,1,0],[44,-19.5663,20.2615,0,95,1,0],[44,-19.1005,19.7791,1,96,96,95],[44,-19.3334,20.0203,1,97,96,95],[48,-20.8074,18.7351,1,98,96,96],[48,-23.074,20.7759,0,99,1,0],[48,-22.8882,20.6086,0,100,1,0],[48,-22.0336,19.8391,0,101,1,0],[48,-21.8478,19.6719,0,102,1,0],[48,-21.5134,19.3708,0,103,1,0],[48,-21.3276,19.2035,0,104,1,0],[48,-21.2533,19.1366,0,105,1,0],[48,-21.0675,18.9693,0,106,1,0],[52,-22.2015,17.3457,1,107,96,96],[52,-24.6187,19.2342,0,108,1,0],[52,-24.4217,19.0803,0,109,1,0],[52,-23.5086,18.367,0,110,1,0],[52,-23.3116,18.213,0,111,1,0],[52,-22.7566,17.7794,1,112,96,96],[52,-23.0341,17.9962,1,113,96,96],[56,-24.3793,16.4441,1,114,96,96],[56,-27.0245,18.2283,0,115,1,0],[56,-26.8173,18.0885,0,116,1,0],[56,-25.8056,17.4061,0,117,1,0],[56,-25.5983,17.2663,0,118,1,0],[56,-24.9888,16.8552,1,119,96,96],[56,-25.5008,17.2005,0,120,1,0],[56,-25.2936,17.0607,0,121,1,0],[60,-26.2629,15.1629,1,122,96,96],[60,-29.1057,16.8042,0,123,1,0],[60,-28.8892,16.6792,0,124,1,0],[60,-27.576,15.921,1,125,96,96],[60,-28.4491,16.4251,0,126,1,0],[60,-28.2326,16.3001,0,127,1,0],[60,-28.1208,16.2356,0,128,1,0],[60,-27.9043,16.1106,0,129,1,0],[64,-28.7898,14.0417,1,130,96,96],[64,-31.8935,15.5555,0,131,1,0],[64,-31.6688,15.4459,0,132,1,0],[64,-30.2293,14.7438,1,133,96,96],[64,-31.1737,15.2044,0,134,1,0],[64,-30.949,15.0948,0,135,1,0],[64,-30.8138,15.0289,0,136,1,0],[64,-30.5891,14.9193,0,137,1,0],[68,-31.3697,12.6742,1,138,96,96],[68,-34.7385,14.0353,0,139,1,0],[68,-34.5067,13.9416,0,140,1,0],[68,-32.9382,13.3079,1,141,96,96],[68,-33.9543,13.7184,0,142,1,0],[68,-33.7225,13.6248,0,143,1,0],[68,-33.5621,13.56,0,144,1,0],[68,-33.3303,13.4663,0,145,1,0],[72,-33.9874,11.0432,1,146,96,96],[72,-37.6239,12.2248,0,147,1,0],[72,-37.3861,12.1475,0,148,1,0],[72,-35.6868,11.5953,1,149,96,96],[72,-36.7742,11.9487,0,150,1,0],[72,-36.5365,11.8714,0,151,1,0],[72,-36.1116,11.7334,1,152,96,96],[76,-37.0589,9.23981,1,153,96,96],[76,-41.0073,10.2243,0,154,1,0],[76,-40.7647,10.1638,0,155,1,0],[76,-39.1544,9.76228,0,156,1,0],[76,-38.9118,9.7018,0,157,1,0],[76,-38.2279,9.53129,0,158,1,0],[76,-37.9853,9.4708,0,159,1,0],[76,-37.7647,9.41579,0,160,1,0],[76,-37.5221,9.35531,0,161,1,0],[80,-37.8482,6.67366,1,162,96,96],[80,-41.8792,7.38444,0,163,1,0],[80,-41.633,7.34102,0,164,1,0],[80,-39.7406,7.00734,1,165,96,96],[80,-40.933,7.21759,0,166,1,0],[80,-40.6868,7.17418,0,167,1,0],[80,-40.4599,7.13417,0,168,1,0],[80,-40.2137,7.09076,0,169,1,0],[84,-40.3715,4.24321,1,170,96,96],[84,-44.4086,4.66754,1,171,96,96],[84,-49.0981,5.16042,0,172,1,0],[84,-48.8495,5.13429,0,173,1,0],[84,-46.8777,4.92705,0,174,1,0],[84,-46.6291,4.90091,0,175,1,0],[84,-45.7675,4.81036,0,176,1,0],[84,-45.5189,4.78422,0,177,1,0],[84,-45.2124,4.75201,0,178,1,0],[84,-44.9638,4.72588,0,179,1,0],[84,-44.6862,4.69671,1,180,96,96],[88,-45.0444,1.57299,1,181,96,96],[88,-49.7987,1.73901,0,182,1,0],[88,-49.5489,1.73028,0,183,1,0],[88,-47.2966,1.65164,1,184,96,96],[88,-48.4228,1.69096,1,185,96,96],[88,-48.9858,1.71062,1,186,96,96],[88,-49.2673,1.72045,1,187,96,96],[92,-49.4081,-1.72537,1,188,96,96],[92,-54.5988,-1.90663,0,189,1,0],[92,-54.3489,-1.89791,0,190,1,0],[92,-52.1284,-1.82036,0,191,1,0],[92,-51.8785,-1.81164,0,192,1,0],[92,-50.6433,-1.7685,1,193,96,96],[92,-51.2609,-1.79007,1,194,96,96],[92,-51.5697,-1.80085,1,195,96,96],[96,-51.7207,-5.43607,0,196,1,0],[96,-51.4721,-5.40994,0,197,1,0],[96,-46.7928,-4.91812,1,198,96,96],[96,-49.1325,-5.16403,1,199,96,96],[96,-50.5509,-5.31312,0,200,1,0],[96,-50.3023,-5.28698,0,201,1,0],[96,-49.966,-5.25164,0,202,1,0],[96,-49.7174,-5.22551,0,203,1,0],[96,-49.6736,-5.2209,0,204,1,0],[96,-49.4249,-5.19477,0,205,1,0],[100,-49.0436,-8.6477,0,206,1,0],[100,-48.7974,-8.60429,0,207,1,0],[100,-44.3612,-7.82208,1,208,96,96],[100,-46.8255,-8.2566,0,209,1,0],[100,-46.5793,-8.21319,0,210,1,0],[100,-45.7165,-8.06105,0,211,1,0],[100,-45.4703,-8.01764,0,212,1,0],[100,-44.9158,-7.91986,1,213,96,96],[100,-45.193,-7.96875,1,214,96,96],[104,-44.9062,-11.1964,0,215,1,0],[104,-44.6636,-11.1359,0,216,1,0],[104,-40.6033,-10.1235,1,217,96,96],[104,-42.876,-10.6902,0,218,1,0],[104,-42.6335,-10.6297,0,219,1,0],[104,-41.861,-10.4371,0,220,1,0],[104,-41.6184,-10.3766,0,221,1,0],[104,-41.1108,-10.2501,1,222,96,95],[104,-41.3646,-10.3134,1,223,96,95],[108,-40.9066,-13.2913,0,224,1,0],[108,-40.6688,-13.2141,0,225,1,0],[108,-36.9716,-12.0128,1,226,96,96],[108,-38.8202,-12.6135,1,227,96,95],[108,-39.7445,-12.9138,1,228,96,95],[108,-40.2067,-13.0639,1,229,96,95],[112,-39.6545,-16.0215,0,230,1,0],[112,-39.4227,-15.9278,0,231,1,0],[112,-35.8388,-14.4798,1,232,96,96],[112,-37.6308,-15.2038,1,233,96,96],[112,-38.7585,-15.6595,0,234,1,0],[112,-38.5267,-15.5658,0,235,1,0],[112,-38.0787,-15.3848,1,236,96,95],[116,-37.3546,-18.2191,0,237,1,0],[116,-37.1299,-18.1095,0,238,1,0],[116,-33.7545,-16.4632,1,239,96,95],[116,-35.6669,-17.3959,0,240,1,0],[116,-35.4422,-17.2863,0,241,1,0],[116,-34.5983,-16.8747,1,242,96,94],[116,-35.245,-17.1901,0,243,1,0],[116,-35.0203,-17.0805,0,244,1,0],[120,-33.7567,-19.4895,0,