{
	"abstol":1e-11,
	"beta":1,
	"delta":[0],
	"device":3,
	"epsilon":0.1,
	"epsilon_bottom":0.1,
	"epsilon_top":0.1,
	"gamma":100,
	"grid":[[0,-0,50.25,0,0,95,0],[0,-0,50,0,1,95,0],[0,-0,25.25,0,2,95,0],[0,-0,25,0,3,95,0],[0,-0,12.5,1,4,96,96],[0,-0,18.75,1,5,96,96],[0,-0,21.875,1,6,96,96],[0,-0,23.6875,0,7,95,0],[0,-0,23.4375,0,8,95,0],[0,-0,22.9062,0,9,95,0],[0,-0,22.6562,0,10,95,0],[0,-0,22.2656,1,11,96,96],[0,-0,22.4609,1,12,96,96],[0,-0,22.8086,0,13,95,0],[0,-0,22.5586,0,14,95,0],[4,-1.58764,22.7043,0,15,95,0],[4,-1.5702,22.4549,0,16,95,0],[4,-1.42746,20.4136,1,17,96,96],[4,-1.49883,21.4343,1,18,96,96],[4,-1.55195,22.194,0,19,95,0],[4,-1.53452,21.9446,0,20,95,0],[4,-1.51667,21.6894,1,21,96,96],[4,-1.52559,21.817,1,22,96,96],[4,-1.53005,21.8808,1,23,96,96],[8,-3.0919,22,0,24,95,0],[8,-3.0571,21.7524,0,25,95,0],[8,-2.77919,19.7749,1,26,96,96],[8,-2.91815,20.7637,1,27,96,96],[8,-2.98763,21.2581,1,28,96,96],[8,-3.05716,21.7528,0,29,95,0],[8,-3.02237,21.5052,0,30,95,0],[8,-3.03979,21.6292,0,31,95,0],[8,-3.005,21.3817,0,32,95,0],[8,-3.0311,21.5674,0,33,95,0],[8,-2.99631,21.3199,0,34,95,0],[12,-4.5217,21.2729,0,35,95,0],[12,-4.46972,21.0284,0,36,95,0],[12,-4.06338,19.1167,1,37,96,96],[12,-4.26655,20.0726,1,38,96,96],[12,-4.36814,20.5505,1,39,96,96],[12,-4.47091,21.034,0,40,95,0],[12,-4.41893,20.7894,0,41,95,0],[12,-4.39353,20.67,1,42,96,96],[12,-4.40623,20.7297,1,43,96,96],[16,-5.91886,20.6415,0,44,95,0],[16,-5.84995,20.4012,0,45,95,0],[16,-5.31813,18.5465,1,46,96,96],[16,-5.58404,19.4739,1,47,96,96],[16,-5.71699,19.9375,1,48,96,96],[16,-5.78347,20.1694,1,49,96,96],[16,-5.88562,20.5256,0,50,95,0],[16,-5.81671,20.2853,0,51,95,0],[16,-5.869,20.4676,0,52,95,0],[16,-5.80009,20.2273,0,53,95,0],[20,-7.27214,19.98,0,54,95,0],[20,-7.18663,19.7451,0,55,95,0],[20,-6.5333,17.9501,1,56,96,96],[20,-6.85997,18.8476,1,57,96,96],[20,-7.0233,19.2964,1,58,96,96],[20,-7.10497,19.5207,1,59,96,96],[20,-7.1458,19.6329,1,60,96,96],[20,-7.25172,19.9239,0,61,95,0],[20,-7.16622,19.689,0,62,95,0],[24,-8.61174,19.3423,0,63,95,0],[24,-8.51006,19.1139,0,64,95,0],[24,-7.73642,17.3763,1,65,96,96],[24,-8.12324,18.2451,1,66,96,96],[24,-8.31665,18.6795,1,67,96,96],[24,-8.41335,18.8967,1,68,96,96],[24,-8.46171,19.0053,1,69,96,96],[24,-8.48588,19.0596,1,70,96,96],[28,-9.80869,18.4475,1,71,96,96],[28,-10.9069,20.513,0,72,95,0],[28,-10.7896,20.2922,0,73,95,0],[28,-10.4165,19.5906,0,74,95,0],[28,-10.2991,19.3698,0,75,95,0],[28,-10.1713,19.1294,0,76,95,0],[28,-10.0539,18.9087,0,77,95,0],[28,-10.0487,18.8988,0,78,95,0],[28,-9.9313,18.6781,0,79,95,0],[28,-9.98737,18.7835,0,80,95,0],[28,-9.87,18.5628,0,81,95,0],[28,-9.83935,18.5051,1,82,96,96],[32,-11.1235,17.8014,1,83,96,96],[32,-12.3684,19.7935,0,84,95,0],[32,-12.2359,19.5815,0,85,95,0],[32,-11.8122,18.9034,0,86,95,0],[32,-11.6797,18.6914,0,87,95,0],[32,-11.5341,18.4584,0,88,95,0],[32,-11.4016,18.2464,0,89,95,0],[32,-11.3951,18.2359,0,90,95,0],[32,-11.2626,18.0239,0,91,95,0],[32,-11.1931,17.9126,1,92,96,96],[32,-11.2278,17.9683,1,93,96,96],[36,-12.4731,17.1678,1,94,96,96],[36,-13.8674,19.0868,0,95,95,0],[36,-13.7205,18.8846,0,96,95,0],[36,-13.2437,18.2285,0,97,95,0],[36,-13.0968,18.0262,0,98,95,0],[36,-12.9319,17.7993,0,99,95,0],[36,-12.785,17.597,0,100,95,0],[36,-12.6291,17.3824,1,101,96,96],[36,-12.854,17.692,0,102,95,0],[36,-12.707,17.4897,0,103,95,0],[36,-12.815,17.6383,0,104,95,0],[36,-12.668,17.4361,0,105,95,0],[40,-13.8321,16.4845,1,106,96,96],[40,-15.3761,18.3245,0,107,95,0],[40,-15.2154,18.133,0,108,95,0],[40,-14.6844,17.5002,0,109,95,0],[40,-14.5237,17.3087,0,110,95,0],[40,-14.3386,17.0881,0,111,95,0],[40,-14.1779,16.8966,0,112,95,0],[40,-14.005,16.6906,1,113,96,96],[40,-14.0915,16.7936,1,114,96,96],[40,-14.2954,17.0366,0,115,95,0],[40,-14.1347,16.8451,0,116,95,0],[44,-15.252,15.7939,1,117,96,96],[44,-16.9508,17.5531,0,118,95,0],[44,-16.7772,17.3733,0,119,95,0],[44,-16.1883,16.7634,0,120,95,0],[44,-16.0146,16.5836,0,121,95,0],[44,-15.807,16.3686,0,122,95,0],[44,-15.6333,16.1887,0,123,95,0],[44,-15.4426,15.9913,1,124,96,96],[44,-15.538,16.09,1,125,96,96],[44,-15.5856,16.1394,1,126,96,96],[48,-16.699,15.0358,1,127,96,96],[48,-18.5547,16.7067,0,128,95,0],[48,-18.3689,16.5394,0,129,95,0],[48,-17.7197,15.9549,0,130,95,0],[48,-17.5339,15.7876,0,131,95,0],[48,-17.1165,15.4117,1,132,96,96],[48,-17.511,15.767,0,133,95,0],[48,-17.3252,15.5997,0,134,95,0],[48,-17.2208,15.5057,1,135,96,96],[48,-17.4588,15.72,0,136,95,0],[48,-17.273,15.5527,0,137,95,0],[52,-18.2882,14.2883,1,138,96,96],[52,-20.314,15.871,0,139,95,0],[52,-20.117,15.7171,0,140,95,0],[52,-19.3996,15.1566,0,141,95,0],[52,-19.2026,15.0027,0,142,95,0],[52,-18.7454,14.6455,1,143,96,96],[52,-19.171,14.978,0,144,95,0],[52,-18.974,14.8241,0,145,95,0],[52,-18.8597,14.7348,1,146,96,96],[52,-18.9168,14.7794,1,147,96,96],[56,-19.9318,13.4441,1,148,96,96],[56,-22.1322,14.9284,0,149,95,0],[56,-21.9249,14.7886,0,150,95,0],[56,-21.1356,14.2561,0,151,95,0],[56,-20.9284,14.1164,0,152,95,0],[56,-20.4301,13.7802,1,153,96,96],[56,-20.6792,13.9483,1,154,96,96],[56,-20.8038,14.0323,1,155,96,96],[56,-21.0733,14.2141,0,156,95,0],[56,-20.8661,14.0743,0,157,95,0],[60,-21.7645,12.5657,1,158,96,96],[60,-24.1574,13.9473,0,159,95,0],[60,-23.9409,13.8223,0,160,95,0],[60,-22.8527,13.194,1,161,96,96],[60,-23.6133,13.6332,0,162,95,0],[60,-23.3968,13.5082,0,163,95,0],[60,-23.3413,13.4761,0,164,95,0],[60,-23.1248,13.3511,0,165,95,0],[60,-23.2052,13.3976,0,166,95,0],[60,-22.9887,13.2726,0,167,95,0],[60,-23.1372,13.3583,0,168,95,0],[60,-22.9207,13.2333,0,169,95,0],[64,-23.7527,11.585,1,170,96,96],[64,-26.3527,12.8531,0,171,95,0],[64,-26.128,12.7435,0,172,95,0],[64,-24.9403,12.1642,1,173,96,96],[64,-25.7588,12.5634,0,174,95,0],[64,-25.5341,12.4538,0,175,95,0],[64,-25.4619,12.4186,0,176,95,0],[64,-25.2372,12.309,0,177,95,0],[64,-25.0888,12.2366,1,178,96,96],[64,-25.3877,12.3824,0,179,95,0],[64,-25.163,12.2728,0,180,95,0],[68,-25.9195,10.4722,1,181,96,96],[68,-28.7433,11.613,0,182,95,0],[68,-28.5115,11.5194,0,183,95,0],[68,-27.2155,10.9958,1,184,96,96],[68,-28.0953,11.3512,0,185,95,0],[68,-27.8635,11.2576,0,186,95,0],[68,-27.5395,11.1267,1,187,96,96],[68,-27.9333,11.2858,0,188,95,0],[68,-27.7015,11.1921,0,189,95,0],[68,-27.6205,11.1594,1,190,96,96],[72,-28.3732,9.21902,1,191,96,96],[72,-31.4483,10.2182,0,192,95,0],[72,-31.2105,10.1409,0,193,95,0],[72,-29.7919,9.67997,1,194,96,96],[72,-30.5012,9.91044,1,195,96,96],[72,-31.0936,10.1029,0,196,95,0],[72,-30.8559,10.0257,0,197,95,0],[72,-30.9163,10.0453,0,198,95,0],[72,-30.6785,9.96806,0,199,95,0],[72,-30.8276,10.0165,0,200,95,0],[72,-30.5899,9.93925,0,201,95,0],[76,-31.1634,7.76992,1,202,96,96],[76,-34.5224,8.60739,0,203,95,0],[76,-34.2798,8.54691,0,204,95,0],[76,-32.7216,8.15842,1,205,96,96],[76,-33.5007,8.35266,1,206,96,96],[76,-34.1328,8.51027,0,207,95,0],[76,-33.8903,8.44979,0,208,95,0],[76,-33.6955,8.40123,1,209,96,96],[76,-33.7929,8.42551,1,210,96,96],[80,-34.3477,6.05643,1,211,96,96],[80,-38.0287,6.70548,0,212,95,0],[80,-37.7825,6.66207,0,213,95,0],[80,-36.0651,6.35925,1,214,96,96],[80,-36.9238,6.51066,1,215,96,96],[80,-37.3531,6.58636,1,216,96,96],[80,-37.5678,6.62422,1,217,96,96],[80,-37.6751,6.64314,1,218,96,96],[84,-38.101,4.00457,1,219,96,96],[84,-41.9111,4.40503,1,220,95,96],[84,-46.3508,4.87166,0,221,95,0],[84,-46.1022,4.84553,0,222,95,0],[84,-44.2552,4.65141,0,223,95,0],[84,-44.0066,4.62528,0,224,95,0],[84,-43.2075,4.54129,0,225,95,0],[84,-42.9588,4.51516,0,226,95,0],[84,-42.6836,4.48622,0,227,95,0],[84,-42.4349,4.46009,0,228,95,0],[84,-42.173,4.43256,1,229,95,96],[84,-42.5526,4.47246,0,230,95,0],[84,-42.304,4.44633,0,231,95,0],[88,-42.4453,1.48222,1,232,95,95],[88,-46.9397,1.63917,0,233,95,0],[88,-46.6898,1.63044,0,234,95,0],[88,-44.5675,1.55633,1,235,94,95],[88,-45.6287,1.59339,1,236,94,95],[88,-46.1592,1.61192,1,237,94,95],[88,-46.4245,1.62118,1,238,94,95],[88,-46.807,1.63454,0,239,95,0],[88,-46.5572,1.62581,0,240,95,0],[92,-46.4908,-1.6235,1,241,94,95],[92,-51.3898,-1.79457,0,242,95,0],[92,-51.1399,-1.78585,0,243,95,0],[92,-49.0652,-1.7134,0,244,95,0],[92,