{
	"abstol":1e-11,
	"beta":1,
	"delta":[0],
	"device":3,
	"epsilon":1,
	"epsilon_bottom":0.01,
	"epsilon_top":1,
	"gamma":100,
	"grid":[[0,-0,50.25,0,0,74,0],[0,-0,50,0,1,74,0],[0,-0,25,1,2,44,50],[0,-0,37.75,0,3,80,0],[0,-0,37.5,0,4,80,0],[0,-0,31.5,0,5,85,0],[0,-0,31.25,0,6,85,0],[0,-0,28.375,0,7,86,0],[0,-0,28.125,0,8,86,0],[0,-0,26.5625,1,9,23,68],[0,-0,27.5938,0,10,86,0],[0,-0,27.3438,0,11,86,0],[0,-0,26.9531,1,12,21,65],[0,-0,27.3984,0,13,86,0],[0,-0,27.1484,0,14,86,0],[0,-0,27.0508,1,15,21,65],[4,-1.90781,27.283,0,16,50,0],[4,-1.89037,27.0336,0,17,49,0],[4,-1.71852,24.576,1,18,44,50],[4,-1.80445,25.8048,1,19,23,68],[4,-1.84741,26.4192,1,20,21,65],[4,-1.88633,26.9758,0,21,50,0],[4,-1.86889,26.7264,0,22,48,0],[4,-1.87559,26.8222,0,23,49,0],[4,-1.85815,26.5728,0,24,50,0],[4,-1.85278,26.496,1,25,21,65],[8,-3.73669,26.5879,0,26,15,0],[8,-3.70189,26.3403,0,27,16,0],[8,-3.36536,23.9458,1,28,45,49],[8,-3.53362,25.143,1,29,44,50],[8,-3.61776,25.7417,1,30,22,68],[8,-3.69462,26.2886,0,31,14,0],[8,-3.65982,26.041,0,32,14,0],[8,-3.67358,26.1389,0,33,14,0],[8,-3.63879,25.8913,0,34,13,0],[8,-3.66307,26.0641,0,35,15,0],[8,-3.62827,25.8165,0,36,13,0],[12,-5.46443,25.7081,0,37,1,0],[12,-5.41245,25.4636,0,38,1,0],[12,-4.97239,23.3932,0,39,1,0],[12,-4.92041,23.1487,0,40,1,0],[12,-4.52508,21.2888,0,41,1,0],[12,-4.4731,21.0443,0,42,1,0],[12,-4.11843,19.3757,0,43,1,0],[12,-4.06645,19.1312,0,44,1,0],[12,-3.69678,17.392,1,45,46,48],[12,-3.93359,18.5061,0,46,1,0],[12,-3.88161,18.2616,0,47,1,0],[12,-3.7892,17.8268,1,48,21,48],[12,-3.88738,18.2887,0,49,1,0],[12,-3.83541,18.0442,0,50,1,0],[12,-3.86428,18.18,0,51,1,0],[12,-3.8123,17.9355,0,52,1,0],[12,-3.85273,18.1257,0,53,1,0],[12,-3.80075,17.8811,0,54,1,0],[16,-5.10006,17.786,0,55,1,0],[16,-5.03116,17.5457,0,56,1,0],[16,-4.64269,16.191,0,57,1,0],[16,-4.57378,15.9507,0,58,1,0],[16,-4.22689,14.7409,0,59,1,0],[16,-4.15798,14.5006,0,60,1,0],[16,-3.84889,13.4227,0,61,1,0],[16,-3.77998,13.1824,0,62,1,0],[16,-3.50526,12.2243,0,63,1,0],[16,-3.43635,11.984,0,64,1,0],[16,-3.19286,11.1348,0,65,1,0],[16,-3.12395,10.8945,0,66,1,0],[16,-2.90887,10.1444,0,67,1,0],[16,-2.83996,9.9041,0,68,1,0],[16,-2.65069,9.24405,0,69,1,0],[16,-2.58178,9.00373,0,70,1,0],[16,-2.41598,8.42552,0,71,1,0],[16,-2.34707,8.18521,0,72,1,0],[16,-2.20261,7.68141,0,73,1,0],[16,-2.1337,7.4411,0,74,1,0],[16,-1.93973,6.76464,1,75,32,64],[16,-2.03671,7.10287,1,76,39,57],[16,-2.08521,7.27198,1,77,45,51],[16,-2.17836,7.59686,0,78,1,0],[16,-2.10945,7.35654,0,79,1,0],[16,-2.09733,7.31426,1,80,49,47],[16,-2.10339,7.3354,1,81,2,44],[20,-2.69923,7.41606,0,82,1,0],[20,-2.61372,7.18114,0,83,1,0],[20,-2.46162,6.76323,0,84,1,0],[20,-2.37611,6.52831,0,85,1,0],[20,-2.24561,6.16975,0,86,1,0],[20,-2.1601,5.93483,0,87,1,0],[20,-1.96373,5.3953,1,88,96,96],[20,-2.06191,5.66506,1,89,95,96],[20,-2.11101,5.79994,1,90,95,96],[20,-2.22106,6.10231,0,91,1,0],[20,-2.13555,5.86739,0,92,1,0],[20,-2.12328,5.83367,1,93,3,96],[20,-2.21492,6.08545,0,94,1,0],[20,-2.12942,5.85053,0,95,1,0],[24,-2.63038,5.90792,0,96,1,0],[24,-2.52869,5.67954,0,97,1,0],[24,-2.29881,5.16322,1,98,96,96],[24,-2.41375,5.42138,1,99,95,96],[24,-2.47122,5.55046,1,100,5,96],[24,-2.60164,5.84338,0,101,1,0],[24,-2.49996,5.615,0,102,1,0],[24,-2.58727,5.81111,0,103,1,0],[24,-2.48559,5.58273,0,104,1,0],[24,-2.47841,5.56659,1,105,2,96],[28,-2.98219,5.60868,0,106,1,0],[28,-2.86482,5.38794,0,107,1,0],[28,-2.60438,4.89813,1,108,96,96],[28,-2.7346,5.14304,1,109,95,96],[28,-2.79971,5.26549,1,110,95,96],[28,-2.94963,5.54746,0,111,1,0],[28,-2.83227,5.32672,0,112,1,0],[28,-2.93336,5.51684,0,113,1,0],[28,-2.81599,5.2961,0,114,1,0],[28,-2.80785,5.2808,1,115,4,96],[32,-3.30645,5.29143,0,116,1,0],[32,-3.17397,5.07942,0,117,1,0],[32,-2.88543,4.61765,1,118,96,96],[32,-3.0297,4.84854,1,119,96,96],[32,-3.10184,4.96398,1,120,95,96],[32,-3.27039,5.23371,0,121,1,0],[32,-3.13791,5.0217,0,122,1,0],[32,-3.11987,4.99284,1,123,95,96],[32,-3.12889,5.00727,1,124,1,96],[36,-3.6225,4.98595,0,125,1,0],[36,-3.47556,4.78369,0,126,1,0],[36,-3.1596,4.34881,1,127,96,96],[36,-3.31758,4.56625,1,128,96,96],[36,-3.39657,4.67497,1,129,95,96],[36,-3.58301,4.93159,0,130,1,0],[36,-3.43606,4.72933,0,131,1,0],[36,-3.41631,4.70215,1,132,95,96],[36,-3.42619,4.71574,1,133,6,96],[40,-3.91289,4.6632,0,134,1,0],[40,-3.75219,4.47169,0,135,1,0],[40,-3.41109,4.06517,1,136,96,96],[40,-3.58164,4.26843,1,137,96,96],[40,-3.66692,4.37006,1,138,95,96],[40,-3.70956,4.42088,1,139,95,96],[40,-3.89157,4.6378,0,140,1,0],[40,-3.73088,4.44628,0,141,1,0],[40,-3.72022,4.43358,1,142,3,96],[44,-4.19985,4.34907,0,143,1,0],[44,-4.02618,4.16924,0,144,1,0],[44,-3.66017,3.79021,1,145,96,96],[44,-3.84318,3.97973,1,146,96,96],[44,-3.93468,4.07448,1,147,95,96],[44,-3.98043,4.12186,1,148,95,96],[44,-4.17697,4.32538,0,149,1,0],[44,-4.00331,4.14555,0,150,1,0],[44,-3.99187,4.1337,1,151,95,96],[48,-4.27662,3.85068,1,152,1,96],[48,-4.89007,4.40303,0,153,1,0],[48,-4.70428,4.23575,0,154,1,0],[48,-4.67623,4.2105,0,155,1,0],[48,-4.49045,4.04322,0,156,1,0],[48,-4.56932,4.11423,0,157,1,0],[48,-4.38353,3.94695,0,158,1,0],[48,-4.51586,4.0661,0,159,1,0],[48,-4.33007,3.89882,0,160,1,0],[48,-4.48913,4.04203,0,161,1,0],[48,-4.30335,3.87475,0,162,1,0],[48,-4.47577,4.03,0,163,1,0],[48,-4.28998,3.86272,0,164,1,0],[52,-4.5419,3.54852,1,165,95,96],[52,-5.19309,4.05728,0,166,1,0],[52,-4.99608,3.90337,0,167,1,0],[52,-4.96599,3.87986,0,168,1,0],[52,-4.76899,3.72594,0,169,1,0],[52,-4.85245,3.79115,0,170,1,0],[52,-4.65544,3.63723,0,171,1,0],[52,-4.79567,3.74679,0,172,1,0],[52,-4.59867,3.59287,0,173,1,0],[52,-4.76728,3.72461,0,174,1,0],[52,-4.57028,3.5707,0,175,1,0],[52,-4.75309,3.71352,0,176,1,0],[52,-4.55609,3.55961,0,177,1,0],[56,-4.78583,3.22808,1,178,95,96],[56,-5.47167,3.69069,0,179,1,0],[56,-5.26441,3.55089,0,180,1,0],[56,-5.23238,3.52929,0,181,1,0],[56,-5.02512,3.38949,0,182,1,0],[56,-5.11273,3.44858,0,183,1,0],[56,-4.90548,3.30879,0,184,1,0],[56,-5.05291,3.40823,0,185,1,0],[56,-4.84565,3.26843,0,186,1,0],[56,-5.023,3.38806,0,187,1,0],[56,-4.81574,3.24826,0,188,1,0],[56,-4.80079,3.23817,1,189,95,96],[60,-5.02279,2.89991,1,190,95,96],[60,-5.74157,3.3149,0,191,1,0],[60,-5.52506,3.1899,0,192,1,0],[60,-5.49043,3.1699,0,193,1,0],[60,-5.27393,3.0449,0,194,1,0],[60,-5.36486,3.0974,0,195,1,0],[60,-5.14836,2.9724,0,196,1,0],[60,-5.30208,3.06116,0,197,1,0],[60,-5.08557,2.93616,0,198,1,0],[60,-5.05418,2.91803,1,199,95,96],[60,-5.06987,2.92709,1,200,95,96],[64,-5.26985,2.57028,1,201,96,96],[64,-6.02154,2.9369,0,202,1,0],[64,-5.79684,2.82731,0,203,1,0],[64,-5.75804,2.80839,0,204,1,0],[64,-5.53335,2.69879,0,205,1,0],[64,-5.6263,2.74413,0,206,1,0],[64,-5.4016,2.63454,0,207,1,0],[64,-5.33573,2.60241,1,208,95,96],[64,-5.59336,2.72806,0,209,1,0],[64,-5.36866,2.61847,0,210,1,0],[64,-5.57689,2.72003,0,211,1,0],[64,-5.35219,2.61044,0,212,1,0],[68,-5.51276,2.2273,1,213,96,96],[68,-6.29583,2.54368,0,214,1,0],[68,-6.06403,2.45003,0,215,1,0],[68,-6.02019,2.43232,0,216,1,0],[68,-5.7884,2.33866,0,217,1,0],[68,-5.88237,2.37663,0,218,1,0],[68,-5.65058,2.28298,0,219,1,0],[68,-5.58167,2.25514,1,220,96,96],[68,-5.61612,2.26906,1,221,95,96],[68,-5.86515,2.36967,0,222,1,0],[68,-5.63335,2.27602,0,223,1,0],[72,-5.76956,1.87464,1,224,96,96],[72,-6.58428,2.13936,0,225,1,0],[72,-6.34651,2.06211,0,226,1,0],[72,-6.2958,2.04563,0,227,1,0],[72,-6.05804,1.96838,0,228,1,0],[72,-5.9138,1.92151,1,229,95,96],[72,-6.22368,2.0222,0,230,1,0],[72,-5.98592,1.94494,0,231,1,0],[72,-6.18762,2.01048,0,232,1,0],[72,-5.94986,1.93323,0,233,1,0],[72,-6.16959,2.00462,0,234,1,0],[72,-5.93183,1.92737,0,235,1,0],[76,-6.04263,1.5066,1,236,96,96],[76,-6.88946,1.71774,0,237,1,0],[76,-6.64689,1.65726,0,238,1,0],[76,-6.58733,1.64241,0,239,1,0],[76,-6.34476,1.58193,0,240,1,0],[76,-6.19369,1.54426,1,241,96,96],[76,-6.5118,1.62357,0,242,1,0],[76,-6.26923,1.56309,0,243,1,0],[76,-6.23146,1.55368,1,244,95,96],[76,-6.49292,1.61887,0,245,1,0],[76,-6.25034,1.55839,0,246,1,0],[80,-6.33424,1.1169,1,247,96,96],[80,-7.21387,1.272,0,248,1,0],[80,-6.96767,1.22859,0,249,1,0],[80,-6.89716,1.21615,0,250,1,0],[80,