{
   "lambda":-1.8834247910913833,
   "mu":26.934229357015255,

   "abstol":1e-11,
   "beta":1,
   "delta":[0],
   "device":3,
   "epsilon":1,
   "epsilon_bottom":0.01,
   "epsilon_top":1,
   "gamma":100,
   "init":[-0.530531,-1.52708,-2.52496,-3.52358,-4.52268,-5.52209,-6.5217,-7.52145,-8.52128,-9.52118,-10.5211,-11.5211,-12.521,-13.521,-14.521,-15.521,-16.521,-17.521,-18.521,-19.521,-20.521,-21.521,-22.521,-23.521,-24.521,-25.521,-26.521,-27.521,-28.521,-29.521,-30.521,-31.521,-32.521,-33.521,-34.521,-35.521,-36.521,-37.521,-38.521,-39.521,-40.521,-41.521,-42.521,-43.521,-44.521,-45.521,-46.521,-47.521,-48.521,-49.521,-50.521,-51.521,-52.521,-53.521,-54.521,-55.521,-56.521,-57.521,-58.521,-59.521,-60.521,-61.521,-62.521,-63.521,-64.521,-65.521,-66.521,-67.521,-68.521,-69.521,-70.521,-71.521,-72.521,-73.521,-74.521,-75.521,-76.521,-77.521,-78.521,-79.521,-80.521,-81.521,-82.521,-83.521,-84.521,-85.5209,-86.5209,-87.5209,-88.5209,-89.5208,-90.5207,-91.5206,-92.5204,-93.5201,-94.5196,-95.5194,0.84652,0.873441,0.863313,0.862815,0.86289,0.862899,0.8629,0.8629,0.8629,0.8629,0.8629,0.8629,0.8629,0.862899,0.862899,0.862899,0.862899,0.862899,0.862899,0.862899,0.862899,0.862899,0.862899,0.862899,0.862899,0.862899,0.862899,0.862899,0.862899,0.862899,0.862899,0.862899,0.862899,0.862899,0.862899,0.862899,0.862899,0.862899,0.862899,0.862899,0.862899,0.862899,0.862899,0.862899,0.862899,0.862899,0.862899,0.862899,0.862899,0.862899,0.862899,0.862899,0.862899,0.862899,0.862899,0.862899,0.862899,0.862899,0.862899,0.862899,0.862899,0.862899,0.862899,0.862899,0.862899,0.862899,0.862899,0.862899,0.862899,0.862899,0.862899,0.862899,0.862899,0.862899,0.862899,0.862899,0.862899,0.862899,0.862899,0.862899,0.862899,0.862899,0.862899,0.862899,0.862899,0.862899,0.862899,0.862899,0.862899,0.862899,0.862899,0.862898,0.862897,0.862895,0.862891,0.862889,-150.021,1.72657],
   "len":1,
   "m":1,
   "movtol":1e-08,
   "n":96,
   "osub":-150,
   "osub_count":300,
   "osub_h":1,
   "pressure":0,
   "range":[0,4,180],
   "rcut":8,
   "reltol":1e-11,
   "rmax":12,
   "sigma":1,
   "sub_count":300,
   "sub_h":1,
   "sub_x":-150,
   "sub_y":1,
   "type":0,
   "save_step":0.01
}
