{
  "type":1,
  "device":3,

  "m":1,
  "n":96,

  "rcut":8,
  "rmax":12,

  "beta":1,
  "len":1,
  "gamma":100,
  "epsilon":1,
  "epsilon_bottom":0.1,
  "epsilon_top":0.1,
  "lambda":0,
  "mu":0,
  "sigma":1,
  "pressure":0,

  "delta":[0],

  "sub_x":-150,
  "sub_y":1,
  "sub_h":1,
  "sub_count":300,

  "osub":-150,
  "osub_h":1,
  "osub_count":300,

  "reltol":1e-11,
  "abstol":1e-11,
  "movtol":1e-8,

  "init":[-0.534761,-1.52697,-2.52205,-3.51853,-4.51564,-5.51324,-6.51126,-7.50962,-8.50826,-9.50713,-10.5062,-11.5054,-12.5048,-13.5043,-14.5038,-15.5035,-16.5032,-17.5029,-18.5027,-19.5025,-20.5024,-21.5023,-22.5022,-23.5021,-24.502,-25.502,-26.5019,-27.5019,-28.5019,-29.5019,-30.5018,-31.5018,-32.5018,-33.5018,-34.5018,-35.5018,-36.5018,-37.5018,-38.5018,-39.5017,-40.5017,-41.5017,-42.5017,-43.5017,-44.5017,-45.5017,-46.5017,-47.5017,-48.5017,-49.5017,-50.5017,-51.5017,-52.5017,-53.5017,-54.5017,-55.5017,-56.5017,-57.5017,-58.5017,-59.5017,-60.5017,-61.5017,-62.5017,-63.5017,-64.5017,-65.5017,-66.5017,-67.5017,-68.5017,-69.5017,-70.5017,-71.5017,-72.5017,-73.5017,-74.5016,-75.5016,-76.5016,-77.5016,-78.5015,-79.5015,-80.5014,-81.5014,-82.5013,-83.5012,-84.5011,-85.501,-86.5008,-87.5006,-88.5004,-89.5001,-90.4998,-91.4994,-92.4989,-93.4983,-94.4976,-95.4972,0.838443,0.909489,0.870637,0.863619,0.864147,0.864436,0.864436,0.864411,0.864396,0.864385,0.864376,0.864368,0.864362,0.864357,0.864352,0.864349,0.864346,0.864343,0.864341,0.86434,0.864338,0.864337,0.864336,0.864335,0.864335,0.864334,0.864334,0.864333,0.864333,0.864333,0.864332,0.864332,0.864332,0.864332,0.864332,0.864332,0.864332,0.864332,0.864332,0.864332,0.864332,0.864332,0.864332,0.864332,0.864332,0.864332,0.864332,0.864332,0.864332,0.864331,0.864331,0.864331,0.864331,0.864331,0.864331,0.864331,0.864331,0.864331,0.864331,0.864331,0.864331,0.864331,0.864331,0.864331,0.864331,0.864331,0.864331,0.864331,0.864331,0.864331,0.864331,0.864331,0.864331,0.864331,0.864331,0.86433,0.86433,0.86433,0.864329,0.864329,0.864329,0.864328,0.864327,0.864326,0.864325,0.864324,0.864322,0.86432,0.864318,0.864315,0.864312,0.864308,0.864303,0.864297,0.864291,0.864287,-150.003,1.72866],

  "range":[ 0, 4, 180 ],

  "save":3
}
