{
	"abstol":1e-11,
	"beta":10,
	"delta":[0],
	"device":3,
	"epsilon":1,
	"epsilon_bottom":1,
	"epsilon_subs":0,
	"epsilon_top":1,
	"f2f_switch":true,
	"f2l_switch":true,
	"f2u_switch":true,
	"gamma":1000,
	"init":[3.37043e-10,5.82631e-10,7.36951e-10,8.09666e-10,8.11568e-10,7.54656e-10,6.51588e-10,5.15122e-10,3.5757e-10,1.90313e-10,2.34075e-11,-1.3469e-10,-2.77283e-10,-3.99479e-10,-4.98138e-10,-5.71733e-10,-6.20155e-10,-6.44475e-10,-6.46694e-10,-6.2948e-10,-5.95926e-10,-5.49334e-10,-4.93022e-10,-4.30175e-10,-3.63727e-10,-2.96283e-10,-2.30068e-10,-1.66907e-10,-1.08229e-10,-5.50863e-11,-8.18261e-12,3.20832e-11,6.5576e-11,9.23799e-11,1.12756e-10,1.27102e-10,1.3592e-10,1.39781e-10,1.39302e-10,1.35123e-10,1.27884e-10,1.18217e-10,1.06727e-10,9.39838e-11,8.05121e-11,6.67869e-11,5.32272e-11,4.01925e-11,2.79809e-11,1.6829e-11,6.91229e-12,-1.65223e-12,-8.80257e-12,-1.45271e-11,-1.88589e-11,-2.18693e-11,-2.36615e-11,-2.43627e-11,-2.41177e-11,-2.30816e-11,-2.14137e-11,-1.92712e-11,-1.68044e-11,-1.41527e-11,-1.14408e-11,-8.77662e-12,-6.24991e-12,-3.93137e-12,-1.87304e-12,-1.09007e-13,1.34314e-12,2.48052e-12,3.31284e-12,3.86011e-12,4.15029e-12,4.21691e-12,4.09696e-12,3.82877e-12,3.45035e-12,2.99779e-12,2.50412e-12,1.9984e-12,1.50508e-12,1.04368e-12,6.28725e-13,2.69803e-13,-2.80642e-14,-2.63988e-13,-4.40626e-13,-5.63508e-13,-6.40308e-13,-6.80059e-13,-6.92351e-13,-6.86513e-13,-6.70781e-13,-6.51476e-13,0.999248,1.9991,2.99899,3.99888,4.99878,5.99868,6.99858,7.99847,8.99837,9.99827,10.9982,11.9981,12.998,13.9979,14.9978,15.9977,16.9976,17.9974,18.9973,19.9972,20.9971,21.997,22.9969,23.9968,24.9967,25.9966,26.9965,27.9964,28.9963,29.9962,30.9961,31.996,32.9959,33.9958,34.9957,35.9956,36.9955,37.9954,38.9953,39.9952,40.9951,41.995,42.9949,43.9948,44.9947,45.9946,46.9945,47.9944,48.9943,49.9942,50.9941,51.994,52.9939,53.9938,54.9937,55.9936,56.9935,57.9933,58.9932,59.9931,60.993,61.9929,62.9928,63.9927,64.9926,65.9925,66.9924,67.9923,68.9922,69.9921,70.992,71.9919,72.9918,73.9917,74.9916,75.9915,76.9914,77.9913,78.9912,79.9911,80.991,81.9909,82.9908,83.9907,84.9906,85.9905,86.9904,87.9903,88.9902,89.9901,90.99,91.9899,92.9898,93.9897,94.9896,95.9895,-200,110],
	"lambda":0,
	"len":1,
	"m":1,
	"movtol":1e-08,
	"mu":0,
	"n":96,
	"osub":-100,
	"osub_count":200,
	"osub_h":1,
	"pressure":0,
	"range":[48,0.5,92],
	"range2":[2,0.25,22.25],
	"rcut":8,
	"reltol":1e-11,
	"rmax":12,
	"s2s_switch":false,
	"save":2,
	"sigma":1,
	"sub_count":400,
	"sub_h":1,
	"sub_x":-200,
	"sub_y":110,
	"type":2,
	"save_all":false
}
