{
	"abstol":1e-11,
	"beta":1,
	"delta":[0],
	"device":1,
	"epsilon":1,
	"gamma":100,
	"init":[-0.506081,-1.50373,-2.50223,-3.50136,-4.50085,-5.50055,-6.50037,-7.50027,-8.50021,-9.50018,-10.5002,-11.5001,-12.5001,-13.5001,-14.5001,-15.5001,-16.5001,-17.5001,-18.5001,-19.5001,-20.5001,-21.5001,-22.5001,-23.5001,-24.5001,-25.5001,-26.5001,-27.5001,-28.5001,-29.5001,-30.5001,-31.5001,-32.5001,-33.5001,-34.5001,-35.5001,-36.5001,-37.5001,-38.5001,-39.5001,-40.5001,-41.5001,-42.5001,-43.5001,-44.5,-45.4999,-46.4998,-47.4995,-48.499,-49.4983,-50.4969,-51.4946,-52.4907,-53.484,-54.4724,-55.4526,-56.4187,-57.3607,-58.2622,-59.1026,-59.8977,-60.738,-61.6395,-62.5815,-63.5476,-64.5278,-65.5163,-66.5096,-67.5056,-68.5033,-69.502,-70.5012,-71.5008,-72.5005,-73.5003,-74.5003,-75.5002,-76.5002,-77.5002,-78.5001,-79.5001,-80.5001,-81.5001,-82.5001,-83.5001,-84.5001,-85.5001,-86.5001,-87.5001,-88.5001,-89.5,-90.4999,-91.4998,-92.4995,-93.4992,-94.499,0.863645,0.882545,0.875044,0.874802,0.874835,0.874836,0.874836,0.874836,0.874836,0.874836,0.874836,0.874836,0.874836,0.874836,0.874836,0.874836,0.874836,0.874836,0.874836,0.874836,0.874836,0.874836,0.874836,0.874836,0.874836,0.874836,0.874836,0.874836,0.874836,0.874836,0.874836,0.874836,0.874836,0.874836,0.874836,0.874836,0.874836,0.874836,0.874836,0.874836,0.874836,0.874836,0.874836,0.874836,0.874836,0.874836,0.874836,0.874836,0.874835,0.874835,0.874834,0.874832,0.874829,0.874824,0.874816,0.874805,0.874791,0.874784,0.874794,0.874819,0.874853,0.874878,0.874888,0.874881,0.874867,0.874856,0.874848,0.874843,0.87484,0.874838,0.874837,0.874837,0.874836,0.874836,0.874836,0.874836,0.874836,0.874836,0.874836,0.874836,0.874836,0.874836,0.874836,0.874836,0.874836,0.874836,0.874836,0.874836,0.874836,0.874836,0.874836,0.874836,0.874836,0.874836,0.874835,0.874835,-139,1.74967],
	"lambda":0,
	"len":1,
	"m":1,
	"movtol":1e-07,
	"mu":80,
	"n":96,
	"osub":-100,
	"osub_count":150,
	"osub_h":1,
	"pressure":0,
	"range":[[0,4,16],[20,4,36],[40,3,56],[60,4,76],[80,4,96],[100,4,116],[120,4,136],[140,4,156],[160,4,176],[163,4,179],[163,4,179]],
	"reltol":1e-11,
	"sigma":1,
	"sub_count":150,
	"sub_h":1,
	"sub_x":-100,
	"sub_y":100,
	"tq0":[-0.480221,-1.47447,-2.47163,-3.46992,-4.46888,-5.46825,-6.46786,-7.46763,-8.46749,-9.46741,-10.4674,-11.4673,-12.4673,-13.4673,-14.4673,-15.4673,-16.4673,-17.4673,-18.4673,-19.4673,-20.4673,-21.4673,-22.4673,-23.4673,-24.4673,-25.4673,-26.4673,-27.4673,-28.4673,-29.4673,-30.4673,-31.4673,-32.4673,-33.4673,-34.4673,-35.4673,-36.4673,-37.4673,-38.4673,-39.4673,-40.4673,-41.4672,-42.4672,-43.4672,-44.4671,-45.467,-46.4667,-47.4664,-48.4658,-49.4649,-50.4633,-51.4608,-52.4566,-53.4497,-54.4384,-55.4197,-56.3889,-57.3377,-58.252,-59.1124,-59.9189,-60.747,-61.6356,-62.5686,-63.5285,-64.5044,-65.4898,-66.4809,-67.4755,-68.4723,-69.4703,-70.4691,-71.4684,-72.4679,-73.4677,-74.4675,-75.4674,-76.4674,-77.4673,-78.4673,-79.4673,-80.4673,-81.4673,-82.4673,-83.4673,-84.4673,-85.4673,-86.4672,-87.4672,-88.4672,-89.4671,-90.467,-91.4669,-92.4666,-93.4662,-94.466,0.869975,0.884276,0.876765,0.876862,0.877088,0.877205,0.877274,0.877316,0.877342,0.877357,0.877366,0.877372,0.877375,0.877377,0.877378,0.877379,0.877379,0.877379,0.877379,0.87738,0.87738,0.87738,0.87738,0.87738,0.87738,0.87738,0.87738,0.87738,0.87738,0.87738,0.87738,0.87738,0.87738,0.87738,0.87738,0.87738,0.87738,0.877381,0.877381,0.877382,0.877384,0.877387,0.877393,0.877401,0.877415,0.877439,0.877477,0.877541,0.877645,0.877817,0.8781,0.878564,0.879322,0.880546,0.882471,0.885291,0.888713,0.891006,0.889478,0.883791,0.875513,0.868195,0.864325,0.864807,0.867888,0.871059,0.873398,0.874929,0.875886,0.876474,0.876832,0.877049,0.877181,0.87726,0.877308,0.877337,0.877354,0.877364,0.87737,0.877374,0.877377,0.877378,0.877379,0.87738,0.877381,0.877382,0.877383,0.877386,0.87739,0.877397,0.877408,0.877426,0.877456,0.877505,0.877578,0.877611,-138.933,1.75511],
	"type":0
}
