{
	"abstol":1e-09,
	"beta":1,
	"delta":[0],
	"epsilon":1,
	"gamma":100,
	"lambda":10,
	"len":1,
	"m":1,
	"mu":-5,
	"n":96,
	"osub":1,
	"osub_count":0,
	"osub_h":1,
	"reltol":1e-09,
	"sigma":1,
	"sub_count":200,
	"sub_h":1,
	"sub_x":-5,
	"sub_y":110,
	"t:0":[0,0,0,0,0,0,0,0,0,0,0,0,0,0,0,0,0,0,0,0,0,0,0,0,0,0,0,0,0,0,0,0,0,0,0,0,0,0,0,0,0,0,0,0,0,0,0,0,0,0,0,0,0,0,0,0,0,0,0,0,0,0,0,0,0,0,0,0,0,0,0,0,0,0,0,0,0,0,0,0,0,0,0,0,0,0,0,0,0,0,0,0,0,0,0,0,1,2,3,4,5,6,7,8,9,10,11,12,13,14,15,16,17,18,19,20,21,22,23,24,25,26,27,28,29,30,31,32,33,34,35,36,37,38,39,40,41,42,43,44,45,46,47,48,49,50,51,52,53,54,55,56,57,58,59,60,61,62,63,64,65,66,67,68,69,70,71,72,73,74,75,76,77,78,79,80,81,82,83,84,85,86,87,88,89,90,91,92,93,94,95,96,-5,110],
	"t:10":[0.0126511,0.00636252,0.00146859,-0.000150386,-0.000290966,-0.000131289,-2.7149e-05,4.60712e-06,6.32735e-06,2.66863e-06,4.96942e-07,-1.20782e-07,-1.3457e-07,-5.34052e-08,-8.75873e-09,3.10842e-09,2.96595e-09,1.19617e-09,2.88427e-10,6.8028e-11,8.74061e-11,1.35957e-10,1.66684e-10,1.84882e-10,2.00066e-10,2.16555e-10,2.35363e-10,2.5653e-10,2.80074e-10,3.06166e-10,3.35081e-10,3.67158e-10,4.02779e-10,4.42379e-10,4.86454e-10,5.3556e-10,5.90304e-10,6.51328e-10,7.19379e-10,7.95559e-10,8.81638e-10,9.79616e-10,1.08923e-09,1.20418e-09,1.31477e-09,1.43155e-09,1.62899e-09,2.04223e-09,2.66602e-09,2.89732e-09,1.3349e-09,-2.73521e-09,-5.03386e-09,7.53322e-09,4.80316e-08,9.351e-08,3.73421e-08,-2.78192e-07,-8.00918e-07,-7.96129e-07,1.24076e-06,6.00852e-06,9.49872e-06,-7.09109e-08,-3.51172e-05,-8.18346e-05,-6.52318e-05,0.000136379,0.000541645,0.000784425,-1.71715e-05,-0.00264089,-0.00597968,-0.00509587,0.00742958,0.032533,0.049781,0.0132358,-0.114449,-0.288045,-0.319521,0.0294779,0.778568,1.64584,2.01648,1.46175,0.467086,-0.529748,-1.52782,-2.52655,-3.52569,-4.52506,-5.52455,-6.52404,-7.52349,-8.52323,0.968172,1.96543,2.96481,3.96448,4.9642,5.96394,6.96369,7.96343,8.96317,9.96291,10.9626,11.9624,12.9621,13.9618,14.9615,15.9612,16.9608,17.9605,18.9602,19.9598,20.9594,21.959,22.9586,23.9582,24.9578,25.9574,26.9569,27.9564,28.9559,29.9554,30.9549,31.9543,32.9537,33.9531,34.9525,35.9518,36.9512,37.9505,38.9498,39.949,40.9483,41.9475,42.9466,43.9458,44.9449,45.944,46.9431,47.9422,48.9412,49.9402,50.9392,51.9381,52.937,53.936,54.9349,55.9337,56.9326,57.9315,58.9303,59.9291,60.928,61.9268,62.9256,63.9244,64.9232,65.922,66.9209,67.9197,68.9185,69.9172,70.916,71.9147,72.9134,73.9121,74.9106,75.9088,76.9071,77.9048,78.8948,79.8777,80.875,81.8089,82.4673,82.9629,83.8855,84.7002,84.7172,84.7005,84.6998,84.6999,84.6998,84.6998,84.6998,84.6997,84.6997,84.6997,-20.0375,85.5582],
	"t:9":[0.00105921,0.000536343,0.00012677,-1.06259e-05,-2.38992e-05,-1.11156e-05,-2.44549e-06,3.03086e-07,5.1185e-07,2.27707e-07,4.73066e-08,-7.4977e-09,-1.0688e-08,-4.53739e-09,-8.23754e-10,2.66223e-10,3.16578e-10,1.91897e-10,1.23484e-10,1.10379e-10,1.19115e-10,1.32153e-10,1.45033e-10,1.57955e-10,1.71736e-10,1.86869e-10,2.03602e-10,2.22112e-10,2.42589e-10,2.65258e-10,2.9038e-10,3.18254e-10,3.49218e-10,3.83658e-10,4.22009e-10,4.64768e-10,5.12504e-10,5.65858e-10,6.25538e-10,6.92325e-10,7.67152e-10,8.5132e-10,9.46644e-10,1.05475e-09,1.17473e-09,1.30121e-09,1.43134e-09,1.59072e-09,1.86028e-09,2.31675e-09,2.76812e-09,2.41352e-09,2.56916e-10,-2.4097e-09,1.89596e-09,2.4991e-08,6.19514e-08,5.06727e-08,-1.32316e-07,-5.14475e-07,-6.52574e-07,5.85653e-07,4.03705e-06,7.17973e-06,1.01781e-06,-2.53795e-05,-6.32136e-05,-5.21927e-05,0.000112358,0.000451151,0.000641448,-0.000112967,-0.00248664,-0.00530814,-0.00379007,0.00879213,0.0321743,0.0452838,0.00260683,-0.133782,-0.313901,-0.310464,0.140182,0.970508,1.75089,1.82317,1.03764,0.0416806,-0.95577,-1.95415,-2.95308,-3.95233,-4.95173,-5.95119,-6.95061,-7.95034,0.968351,1.96575,2.96526,3.96505,4.9649,5.96476,6.96463,7.9645,8.96437,9.96423,10.9641,11.9639,12.9638,13.9636,14.9634,15.9632,16.963,17.9628,18.9626,19.9624,20.9621,21.9619,22.9616,23.9613,24.961,25.9607,26.9603,27.96,28.9596,29.9592,30.9588,31.9583,32.9579,33.9574,34.9569,35.9564,36.9559,37.9553,38.9547,39.9541,40.9535,41.9528,42.9522,43.9515,44.9507,45.95,46.9492,47.9484,48.9476,49.9467,50.9459,51.945,52.944,53.9431,54.9421,55.941,56.94,57.9389,58.9377,59.9365,60.9353,61.934,62.9327,63.9313,64.9298,65.9283,66.9267,67.9251,68.9233,69.9215,70.9196,71.9176,72.9155,73.9133,74.911,75.9085,76.9057,77.903,78.8993,79.8871,80.8678,81.8644,82.7524,83.3041,83.9251,84.9137,85.5085,85.4997,85.4923,85.4921,85.4921,85.492,85.492,85.4919,85.4919,85.4919,-19.465,86.35]
}
