{
	"abstol":1e-11,
	"beta":1,
	"delta":[0],
	"epsilon":1,
	"gamma":100,
	"lambda":10,
	"len":1,
	"m":1,
	"mu":-5,
	"n":32,
	"osub":1,
	"osub_count":0,
	"osub_h":1,
	"reltol":1e-11,
	"sigma":1,
	"sub_count":200,
	"sub_h":1,
	"sub_x":-5,
	"sub_y":110,
	"t:0":[0,0,0,0,0,0,0,0,0,0,0,0,0,0,0,0,0,0,0,0,0,0,0,0,0,0,0,0,0,0,0,0,1,2,3,4,5,6,7,8,9,10,11,12,13,14,15,16,17,18,19,20,21,22,23,24,25,26,27,28,29,30,31,32,-5,110],
	"t:10":[0.0330124,0.0150535,0.00232593,-0.00107561,-0.000853073,-0.00025338,1.23948e-06,3.6846e-05,1.77551e-05,2.70488e-06,-5.4015e-06,-8.01408e-06,1.43352e-05,7.7004e-05,7.13205e-05,-0.000316936,-0.00110257,-0.000572632,0.00489699,0.0138276,0.00437536,-0.0608229,-0.149687,-0.034612,0.476615,1.07557,0.939478,0.0333724,-0.9607,-1.95697,-2.95462,-3.95356,0.966225,1.96161,2.95918,3.95708,4.955,5.95291,6.95078,7.94859,8.94635,9.94404,10.9417,11.9392,12.9367,13.934,14.9313,15.9285,16.9257,17.9228,18.9198,19.9167,20.9137,21.9086,22.9018,23.8922,24.7491,25.5498,26.5344,26.9194,26.9025,26.8985,26.8982,26.8981,-47.4753,27.751],
	"t:9":[0.00189755,0.000873645,0.000147455,-5.20722e-05,-4.59954e-05,-1.52721e-05,-1.20403e-06,1.47322e-06,8.93072e-07,2.49091e-07,3.49403e-08,6.25928e-08,-1.49462e-07,-1.24469e-06,-9.83611e-07,1.01691e-05,2.78616e-05,-3.92335e-05,-0.000309806,-0.000259066,0.00189771,0.00552062,-0.00239128,-0.041668,-0.0730377,0.0940229,0.594585,0.840667,0.213028,-0.780879,-1.77683,-2.77503,0.966783,1.96241,2.96018,3.95823,4.95636,5.95452,6.95272,7.95094,8.9492,9.94749,10.9458,11.9442,12.9427,13.9411,14.9397,15.9382,16.9368,17.9353,18.9338,19.9321,20.9303,21.9281,22.9256,23.9219,24.9179,25.8994,26.76,27.7219,28.478,28.4828,28.4702,28.4697,-46.2993,29.3227]
}
