{
	"abstol":1e-09,
	"beta":1,
	"delta":[0],
	"device":0,
	"epsilon":1,
	"gamma":100,
	"grid":[[40,-25.7115,30.6418,0],[40,-19.9264,23.7474,0],[40,-14.1413,16.853,0],[40,-8.35624,9.95858,1],[40,-11.2488,13.4058,1],[40,-12.6951,15.1294,0],[40,-11.9719,14.2676,0],[40,-11.6104,13.8367,0],[40,-11.4296,13.6212,0],[40,-11.3392,13.5135,1],[45,-12.5235,12.5235,1],[45,-13.2306,13.2306,1],[45,-13.9377,13.9377,1],[45,-14.6448,14.6448,0],[45,-14.2913,14.2913,1],[45,-14.4681,14.4681,0],[45,-14.3797,14.3797,0]],
	"init":[-0.536108,-1.51921,-2.5129,-3.509,-4.06133,-3.56105,-2.56191,-1.56196,-0.767368,0.190578,1.16699,1.52297,0.918462,-0.0807597,-1.07836,-2.07111,-3.07454,-4.07665,-5.07774,-6.07936,-7.0805,-8.08124,-9.08171,-10.082,-11.0821,-12.0821,-13.082,-14.0817,-15.0813,-16.0805,-17.0794,-18.0776,-19.0749,-20.0707,-21.0644,-22.0547,-23.0372,-23.5763,-23.9781,-24.5298,-25.5179,-26.5125,-27.508,-28.5054,-29.0843,-28.6139,-27.6226,-26.6388,-25.9882,-25.0027,-24.5398,-25.0948,-26.0951,-27.0917,-28.0954,-29.0918,-30.0877,-31.0861,-32.0853,-33.0849,-34.0849,-35.0853,-36.0861,-37.0875,-38.0898,-39.0932,-40.0974,-41.0969,-42.1018,-42.4722,-41.74,-40.8424,-40.0931,-40.4518,-41.4506,-42.4382,-43.0576,-43.4453,-44.0973,-45.0913,-46.0883,-47.0864,-48.0852,-49.0843,-50.0838,-51.0834,-52.0832,-53.083,-54.0829,-55.0828,-56.0826,-57.0824,-58.0822,-59.0819,-60.0814,-61.0812,0.854956,0.905286,0.874837,0.87427,1.68199,2.52711,2.54287,2.44515,1.8163,1.47282,1.65598,2.58262,3.37107,3.38742,3.35562,3.37889,3.38782,3.37701,3.37515,3.37695,3.37716,3.37717,3.37717,3.37717,3.37717,3.37717,3.37717,3.37717,3.37717,3.37716,3.37714,3.3771,3.37699,3.37661,3.37647,3.39363,3.37816,2.57184,1.6766,0.872138,0.8665,0.881689,0.87556,0.873688,1.66402,2.52618,2.55512,2.47392,1.72469,1.71331,2.56561,3.37831,3.37665,3.38053,3.39495,3.38461,3.3751,3.37689,3.37715,3.37716,3.37716,3.37716,3.37714,3.37711,3.37697,3.37447,3.3574,3.39678,3.38596,2.4942,1.87864,2.36032,1.75957,0.872789,0.866207,0.903369,1.68052,2.60607,3.35748,3.38877,3.37755,3.37705,3.37715,3.37717,3.37717,3.37717,3.37718,3.37718,3.37718,3.37718,3.37718,3.37718,3.37718,3.37717,3.37717,3.37717,-103.583,4.24119],
	"lambda":0,
	"len":1,
	"m":1,
	"mu":0,
	"n":96,
	"osub":-100,
	"osub_count":150,
	"osub_h":1,
	"reltol":1e-09,
	"sigma":1,
	"sub_count":150,
	"sub_h":1,
	"sub_x":-40,
	"sub_y":100,
	"type":1
}
