{
	"abstol":1e-11,
	"beta":1,
	"delta":[0],
	"device":3,
	"epsilon":1,
	"epsilon_bottom":0,
	"epsilon_top":1,
	"gamma":100,
	"grid":[[0,-0,50.25,0,0,95,0],[0,-0,50,0,1,95,0],[0,-0,25,1,2,96,51],[0,-0,37.75,0,3,95,0],[0,-0,37.5,0,4,95,0],[0,-0,31.5,0,5,96,0],[0,-0,31.25,0,6,96,0],[0,-0,28.375,0,7,96,0],[0,-0,28.125,0,8,96,0],[0,-0,26.5625,1,9,95,71],[0,-0,27.5938,0,10,96,0],[0,-0,27.3438,0,11,96,0],[0,-0,27.2031,0,12,96,0],[0,-0,26.9531,0,13,96,0],[0,-0,26.7578,1,14,95,71],[0,-0,26.8555,1,15,96,71],[4,-1.89419,27.0882,0,16,31,0],[4,-1.87675,26.8388,0,17,28,0],[4,-1.70614,24.3989,1,18,96,51],[4,-1.79144,25.6188,1,19,96,71],[4,-1.8341,26.2288,1,20,30,66],[4,-1.87286,26.7832,0,21,28,0],[4,-1.85542,26.5338,0,22,25,0],[4,-1.8622,26.6307,0,23,27,0],[4,-1.84476,26.3813,0,24,22,0],[4,-1.85687,26.5544,0,25,24,0],[4,-1.83943,26.305,0,26,23,0],[8,-3.69937,26.3224,0,27,2,0],[8,-3.66457,26.0748,0,28,2,0],[8,-3.33143,23.7044,1,29,96,59],[8,-3.498,24.8896,1,30,96,60],[8,-3.58129,25.4822,1,31,96,71],[8,-3.65772,26.0261,0,32,2,0],[8,-3.62293,25.7785,0,33,2,0],[8,-3.60211,25.6303,1,34,6,66],[8,-3.64731,25.952,0,35,2,0],[8,-3.61252,25.7044,0,36,2,0],[12,-5.44097,25.5978,0,37,1,0],[12,-5.38899,25.3532,0,38,1,0],[12,-4.95106,23.2929,0,39,1,0],[12,-4.89909,23.0484,0,40,1,0],[12,-4.50569,21.1976,0,41,1,0],[12,-4.45371,20.9531,0,42,1,0],[12,-4.10081,19.2928,0,43,1,0],[12,-4.04883,19.0483,0,44,1,0],[12,-3.68076,17.3166,1,45,48,48],[12,-3.91677,18.427,0,46,1,0],[12,-3.86479,18.1824,0,47,1,0],[12,-3.82475,17.994,0,48,1,0],[12,-3.77277,17.7495,0,49,1,0],[12,-3.72676,17.533,1,50,48,48],[12,-3.80175,17.8858,0,51,1,0],[12,-3.74977,17.6413,0,52,1,0],[12,-3.73827,17.5872,1,53,4,45],[16,-5.03251,17.5505,0,54,1,0],[16,-4.9636,17.3101,0,55,1,0],[16,-4.58128,15.9768,0,56,1,0],[16,-4.51237,15.7365,0,57,1,0],[16,-4.17106,14.5462,0,58,1,0],[16,-4.10215,14.3059,0,59,1,0],[16,-3.79814,13.2457,0,60,1,0],[16,-3.72923,13.0054,0,61,1,0],[16,-3.45912,12.0634,0,62,1,0],[16,-3.39021,11.8231,0,63,1,0],[16,-3.15092,10.9886,0,64,1,0],[16,-3.08201,10.7482,0,65,1,0],[16,-2.87073,10.0114,0,66,1,0],[16,-2.80183,9.77113,0,67,1,0],[16,-2.61602,9.12316,0,68,1,0],[16,-2.54711,8.88284,0,69,1,0],[16,-2.38447,8.31563,0,70,1,0],[16,-2.31556,8.07531,0,71,1,0],[16,-2.17396,7.58151,0,72,1,0],[16,-2.10505,7.34119,0,73,1,0],[16,-1.91368,6.67381,1,74,30,66],[16,-2.00937,7.0075,1,75,36,60],[16,-2.05721,7.17435,1,76,41,55],[16,-2.08113,7.25777,1,77,44,52],[16,-2.09309,7.29948,1,78,47,49],[16,-2.09907,7.32034,1,79,49,47],[20,-2.69382,7.4012,0,80,1,0],[20,-2.60831,7.16627,0,81,1,0],[20,-2.4567,6.74972,0,82,1,0],[20,-2.37119,6.51479,0,83,1,0],[20,-2.24113,6.15746,0,84,1,0],[20,-2.15563,5.92254,0,85,1,0],[20,-2.04517,5.61905,0,86,1,0],[20,-1.95966,5.38413,0,87,1,0],[20,-1.86702,5.12958,0,88,1,0],[20,-1.78151,4.89466,0,89,1,0],[20,-1.61956,4.44969,1,90,2,43],[20,-1.78604,4.9071,0,91,1,0],[20,-1.70053,4.67218,0,92,1,0],[20,-1.74555,4.79586,0,93,1,0],[20,-1.66004,4.56093,0,94,1,0],[20,-1.6398,4.50531,1,95,2,37],[20,-1.64992,4.53312,1,96,2,31],[20,-1.74049,4.78195,0,97,1,0],[20,-1.65498,4.54703,0,98,1,0],[24,-2.06681,4.64213,0,99,1,0],[24,-1.96513,4.41375,0,100,1,0],[24,-1.88816,4.24088,0,101,1,0],[24,-1.78648,4.0125,0,102,1,0],[24,-1.72576,3.87611,0,103,1,0],[24,-1.62407,3.64773,0,104,1,0],[24,-1.47643,3.31611,1,105,33,63],[24,-1.55025,3.48192,1,106,1,29],[24,-1.68885,3.79321,0,107,1,0],[24,-1.58716,3.56482,0,108,1,0],[24,-1.56871,3.52337,1,109,1,18],[24,-1.57793,3.5441,1,110,1,6],[24,-1.68423,3.78285,0,111,1,0],[24,-1.58255,3.55446,0,112,1,0],[28,-1.94134,3.65114,0,113,1,0],[28,-1.82398,3.4304,0,114,1,0],[28,-1.77553,3.33928,0,115,1,0],[28,-1.65816,3.11855,0,116,1,0],[28,-1.50742,2.83504,1,117,96,96],[28,-1.58279,2.97679,1,118,5,91],[28,-1.62047,3.04767,1,119,1,17],[28,-1.63932,3.08311,1,120,1,34],[28,-1.76611,3.32156,0,121,1,0],[28,-1.64874,3.10083,0,122,1,0],[28,-1.64403,3.09197,1,123,1,25],[32,-1.99085,3.18602,0,124,1,0],[32,-1.85837,2.97401,0,125,1,0],[32,-1.68942,2.70364,1,126,95,96],[32,-1.90638,3.05084,0,127,1,0],[32,-1.7739,2.83883,0,128,1,0],[32,-1.73166,2.77124,1,129,95,96],[32,-1.75278,2.80503,1,130,1,12],[32,-1.89582,3.03394,0,131,1,0],[32,-1.76334,2.82193,0,132,1,0],[32,-1.89054,3.02549,0,133,1,0],[32,-1.75806,2.81348,0,134,1,0],[36,-2.09405,2.88221,0,135,1,0],[36,-1.94711,2.67996,0,136,1,0],[36,-1.7701,2.43633,1,137,96,96],[36,-1.8586,2.55814,1,138,95,96],[36,-2.0498,2.82131,0,139,1,0],[36,-1.90285,2.61905,0,140,1,0],[36,-1.88073,2.5886,1,141,95,96],[36,-1.89179,2.60382,1,142,1,96],[36,-1.89732,2.61144,1,143,1,96],[40,-2.23859,2.66784,0,144,1,0],[40,-2.07789,2.47633,0,145,1,0],[40,-1.88899,2.25121,1,146,96,96],[40,-1.98344,2.36377,1,147,95,96],[40,-2.03066,2.42005,1,148,1,96],[40,-2.21497,2.6397,0,149,1,0],[40,-2.05428,2.44819,0,150,1,0],[40,-2.04247,2.43412,1,151,1,96],[40,-2.04837,2.44116,1,152,1,92],[44,-2.39052,2.47546,0,153,1,0],[44,-2.21686,2.29563,0,154,1,0],[44,-2.01533,2.08693,1,155,96,96],[44,-2.11609,2.19128,1,156,95,96],[44,-2.16648,2.24345,1,157,94,96],[44,-2.19167,2.26954,1,158,1,93],[44,-2.20426,2.28258,1,159,1,90],[44,-2.38423,2.46894,0,160,1,0],[44,-2.21056,2.2891,0,161,1,0],[48,-2.54727,2.29358,0,162,1,0],[48,-2.36149,2.12629,0,163,1,0],[48,-2.14681,1.93299,1,164,96,96],[48,-2.25415,2.02964,1,165,95,96],[48,-2.30782,2.07797,1,166,1,96],[48,-2.33465,2.10213,1,167,1,95],[48,-2.34807,2.11421,1,168,1,93],[48,-2.35478,2.12025,1,169,1,90],[52,-2.5005,1.95361,1,170,1,93],[52,-2.94755,2.30288,0,171,1,0],[52,-2.75055,2.14897,0,172,1,0],[52,-2.82253,2.2052,0,173,1,0],[52,-2.62553,2.05129,0,174,1,0],[52,-2.76002,2.15636,0,175,1,0],[52,-2.56301,2.00245,0,176,1,0],[52,-2.72876,2.13194,0,177,1,0],[52,-2.53176,1.97803,0,178,1,0],[52,-2.71313,2.11973,0,179,1,0],[52,-2.51613,1.96582,0,180,1,0],[52,-2.70532,2.11363,0,181,1,0],[52,-2.50832,1.95971,0,182,1,0],[56,-2.6348,1.77719,1,183,1,95],[56,-3.10554,2.09471,0,184,1,0],[56,-2.89828,1.95491,0,185,1,0],[56,-2.9738,2.00585,0,186,1,0],[56,-2.76654,1.86605,0,187,1,0],[56,-2.90793,1.96142,0,188,1,0],[56,-2.70067,1.82162,0,189,1,0],[56,-2.87499,1.93921,0,190,1,0],[56,-2.66773,1.79941,0,191,1,0],[56,-2.65126,1.7883,1,192,1,91],[56,-2.86676,1.93365,0,193,1,0],[56,-2.6595,1.79385,0,194,1,0],[60,-2.77385,1.60148,1,195,1,95],[60,-3.26774,1.88663,0,196,1,0],[60,-3.05124,1.76163,0,197,1,0],[60,-3.12905,1.80656,0,198,1,0],[60,-2.91255,1.68156,0,199,1,0],[60,-3.05971,1.76652,0,200,1,0],[60,-2.8432,1.64152,0,201,1,0],[60,-3.02503,1.7465,0,202,1,0],[60,-2.80853,1.6215,0,203,1,0],[60,-2.79119,1.61149,1,204,1,94],[60,-3.01636,1.7415,0,205,1,0],[60,-2.79986,1.6165,0,206,1,0],[64,-2.9013,1.41506,1,207,1,95],[64,-3.41613,1.66616,0,208,1,0],[64,-3.19143,1.55656,0,209,1,0],[64,-3.27106,1.5954,0,210,1,0],[64,-3.04637,1.48581,0,211,1,0],[64,-2.97383,1.45044,1,212,1,1],[64,-3.0101,1.46812,1,213,1,1],[64,-3.02823,1.47697,1,214,1,1],[64,-3.262,1.59098,0,215,1,0],[64,-3.0373,1.48139,0,216,1,0],[68,-3.12856,1.26402,1,217,1,1],[68,-3.67321,1.48407,0,218,1,0],[68,-3.44142,1.39042,0,219,1,0],[68,-3.28499,1.32722,1,220,1,1],[68,-3.595,1.45247,0,221,1,0],[68,-3.3632,1.35882,0,222,1,0],[68,-3.55589,1.43667,0,223,1,0],[68,-3.3241,1.34302,0,224,1,0],[68,-3.30454,1.33512,1,225,1,1],[68,-3.54611,1.43272,0,226,1,0],[68,-3.31432,1.33907,0,227,1,0],[72,-3.39464,1.10299,1,228,1,1],[72,-3.97187,1.29054,0,229,1,0],[72,-3.7341,1.21328,0,230,1,0],[72,-3.56437,1.15813,1,231,1,1],[72,-3.887,1.26296,0,232,1,0],[72,-3.64924,1.18571,0,233,1,0],[72,-3.6068,1.17192,1,234,1,1],[72,-3.86578,1.25607,0,235,1,0],[72,-3.62802,1.17882,0,236,1,0],[72,-3.61741,1.17537,1,237,1,1],[76,-3.696,0.921517,1,238,1,1],[76,-4.30818,1.07415,0,239,1,0],[76,-4.0656,1.01367,0,240,1,0],[76,-3.8808,0.967593,1,241,1,1],[76,-3.9732,0.99063,1,242,1,1],[76,-4.26198,1.06263,0,243,1,0],[76,-4.0194,1.00215,0,244,1,0],[76,-4.23888,1.05687,0,245,1,0],[76,-3.9963,0.99639,0,246,1,0],[76,-4.22733,1.05399,0,247,1,0],[76,-3.98475,0.99351,0,248,1,0],[80,-4.03849,0.712094,1,249,1,1],[80,-4.68854,0.826716,0,250,1,0],[80,-4.44234,0.783304,0,251,1,0],[80,