{
   "lambda":-3.638454589310788,
   "mu":-17.11758301284,

   "abstol":1e-11,
   "beta":1,
   "delta":[0],
   "device":3,
   "epsilon":1,
   "epsilon_bottom":0,
   "epsilon_top":1,
   "gamma":100,
   "init":[-0.690703,-1.69012,-2.68958,-3.68923,-4.68899,-5.68884,-6.68873,-7.68867,-8.68862,-9.6886,-10.6886,-11.6886,-12.6886,-13.6886,-14.6885,-15.6885,-16.6885,-17.6885,-18.6885,-19.6885,-20.6885,-21.6885,-22.6885,-23.6885,-24.6885,-25.6885,-26.6885,-27.6885,-28.6885,-29.6885,-30.6885,-31.6885,-32.6885,-33.6885,-34.6885,-35.6885,-36.6885,-37.6885,-38.6885,-39.6885,-40.6885,-41.6885,-42.6885,-43.6885,-44.6885,-45.6885,-46.6885,-47.6885,-48.6885,-49.6885,-50.6885,-51.6885,-52.6885,-53.6885,-54.6885,-55.6885,-56.6885,-57.6885,-58.6885,-59.6885,-60.6885,-61.6885,-62.6885,-63.6885,-64.6885,-65.6885,-66.6885,-67.6885,-68.6885,-69.6885,-70.6885,-71.6885,-72.6885,-73.6885,-74.6885,-75.6885,-76.6885,-77.6885,-78.6885,-79.6885,-80.6885,-81.6885,-82.6885,-83.6885,-84.6885,-85.6885,-86.6885,-87.6885,-88.6884,-89.6884,-90.6883,-91.6881,-92.6879,-93.6876,-94.6872,-95.6869,0.723143,0.740477,0.733088,0.732708,0.732756,0.732761,0.732761,0.732761,0.732761,0.732761,0.732761,0.732761,0.732761,0.732761,0.732761,0.732761,0.732761,0.732761,0.732761,0.732761,0.732761,0.732761,0.732761,0.732761,0.732761,0.732761,0.732761,0.732761,0.732761,0.732761,0.732761,0.732761,0.732761,0.732761,0.732761,0.732761,0.732761,0.732761,0.732761,0.732761,0.732761,0.732761,0.732761,0.732761,0.732761,0.732761,0.732761,0.732761,0.732761,0.732761,0.732761,0.732761,0.732761,0.732761,0.732761,0.732761,0.732761,0.732761,0.732761,0.732761,0.732761,0.732761,0.732761,0.732761,0.732761,0.732761,0.732761,0.732761,0.732761,0.732761,0.732761,0.732761,0.732761,0.732761,0.732761,0.732761,0.732761,0.732761,0.732761,0.732761,0.732761,0.732761,0.732761,0.732761,0.732761,0.732761,0.732761,0.732761,0.732761,0.732761,0.732761,0.73276,0.73276,0.732758,0.732755,0.732753,-150.189,1.59645],
   "len":1,
   "m":1,
   "movtol":1e-08,
   "n":96,
   "osub":-150,
   "osub_count":300,
   "osub_h":1,
   "pressure":0,
   "range":[0,4,180],
   "rcut":8,
   "reltol":1e-11,
   "rmax":12,
   "save":5,
   "sigma":1,
   "sub_count":300,
   "sub_h":1,
   "sub_x":-150,
   "sub_y":1,
   "type":0,
   "save_step":0.01
}
