{
  "type":0,
  "device":3,

  "m":5,
  "n":96,

  "rcut":8,
  "rmax":12,

  "beta":2.5,
  "len":1,
  "gamma":100,
  "epsilon":1,
  "epsilon_bottom":1,
  "epsilon_top":1,
  "lambda":0,
  "mu":0,
  "sigma":1,
  "pressure":0,

  "delta":[-20, -10, 0, 10, 20],

  "sub_x":-200,
  "sub_y":110,
  "sub_h":1,
  "sub_count":400,

  "osub":-200,
  "osub_h":1,
  "osub_count":400,

  "reltol":1e-11,
  "abstol":1e-11,
  "movtol":1e-8,

  "init":[-19.4741,-18.4809,-17.4849,-16.491,-15.8271,-15.2767,-14.3659,-13.3587,-12.3806,-11.381,-10.3779,-9.61641,-8.88908,-8.14496,-7.39073,-6.63507,-5.88084,-5.12999,-4.38458,-3.64676,-2.91878,-2.20303,-1.50199,-0.818362,-0.155001,0.484987,1.09823,1.68063,2.22414,2.7103,3.13784,3.53654,3.9254,4.31111,4.69641,5.08257,5.4698,5.85786,6.24644,6.63534,7.02441,7.41359,7.80282,8.19209,8.58137,8.97067,9.35997,9.74927,10.1386,10.5279,10.9172,11.3065,11.6958,12.0851,12.4744,12.8637,13.253,13.6423,14.0317,14.421,14.8103,15.1996,15.5889,15.9782,16.3675,16.7568,17.1461,17.5354,17.9247,18.314,18.7033,19.0927,19.482,19.8713,20.2606,20.6499,21.0392,21.4285,21.8178,22.2071,22.5964,22.9857,23.375,23.7643,24.1536,24.5429,24.9322,25.3215,25.7108,26.1001,26.4893,26.8784,27.2672,27.655,28.0383,28.4467,-10.5235,-11.5229,-12.5162,-13.5059,-14.5014,-14.8343,-13.9522,-12.9892,-12.0033,-11.0198,-10.0544,-9.36217,-8.65713,-7.92957,-7.18516,-6.4345,-5.68108,-4.92739,-4.17574,-3.42837,-2.68758,-1.95575,-1.23537,-0.52913,0.160095,0.829173,1.47467,2.09263,2.67757,3.21783,3.6917,4.11238,4.51123,4.90214,5.29014,5.67778,6.06588,6.45445,6.84334,7.23242,7.6216,8.01084,8.40011,8.7894,9.1787,9.568,9.9573,10.3466,10.7359,11.1252,11.5145,11.9038,12.2931,12.6825,13.0718,13.4611,13.8504,14.2397,14.629,15.0183,15.4076,15.7969,16.1862,16.5755,16.9648,17.3541,17.7435,18.1328,18.5221,18.9114,19.3007,19.69,20.0793,20.4686,20.8579,21.2472,21.6365,22.0258,22.4151,22.8045,23.1938,23.5831,23.9724,24.3617,24.751,25.1403,25.5296,25.9188,26.3081,26.6973,27.0864,27.4753,27.864,28.2521,28.6394,29.0156,-0.522531,-1.51384,-2.50789,-3.50373,-4.50025,-5.49679,-6.49265,-7.48663,-8.4057,-8.42914,-7.72292,-6.97959,-6.23343,-5.4826,-4.72861,-3.97363,-3.21981,-2.46939,-1.72471,-0.988257,-0.262683,0.449139,1.14408,1.81869,2.46908,3.09073,3.679,4.21951,4.66723,5.0797,5.481,5.87447,6.26559,6.65601,7.04605,7.43582,7.82541,8.21489,8.6043,8.99367,9.38301,9.77234,10.1617,10.551,10.9403,11.3296,11.7189,12.1082,12.4975,12.8868,13.2761,13.6654,14.0548,14.4441,14.8334,15.2227,15.612,16.0013,16.3906,16.7799,17.1692,17.5585,17.9478,18.3371,18.7264,19.1158,19.5051,19.8944,20.2837,20.673,21.0623,21.4516,21.8409,22.2302,22.6195,23.0088,23.3981,23.7874,24.1768,24.5661,24.9554,25.3447,25.734,26.1233,26.5125,26.9018,27.291,27.6802,28.0692,28.458,28.8462,29.2339,29.6245,29.9703,29.4488,28.8237,10.5203,11.5105,12.5029,13.4959,14.4863,14.9377,14.4008,13.7339,13.0275,12.2946,11.5446,10.7861,10.0271,9.27622,8.54263,7.83709,7.17235,6.56382,6.03031,5.59486,5.28747,5.15138,5.24014,5.64132,6.05836,6.45837,6.85337,7.24635,7.63792,8.02854,8.41859,8.80831,9.19784,9.58728,9.97666,10.366,10.7553,11.1447,11.534,11.9233,12.3126,12.7019,13.0912,13.4805,13.8698,14.2591,14.6484,15.0377,15.4271,15.8164,16.2057,16.595,16.9843,17.3736,17.7629,18.1522,18.5415,18.9308,19.3201,19.7094,20.0987,20.4881,20.8774,21.2667,21.656,22.0453,22.4346,22.8239,23.2132,23.6025,23.9918,24.3811,24.7704,25.1597,25.5491,25.9384,26.3277,26.717,27.1063,27.4956,27.8849,28.2743,28.6637,29.0531,29.4425,29.832,30.22,30.5935,30.9468,31.2923,31.6471,32.0033,32.3598,32.7165,33.0729,33.4281,19.4762,18.4841,17.4894,16.5037,15.9071,15.3626,14.7223,14.0105,13.2695,12.5144,11.7546,10.9984,10.2539,9.5296,8.83489,8.18045,7.57872,7.04434,6.59454,6.24949,6.03589,6.02154,6.35852,6.72551,7.08821,7.46496,7.85006,8.23825,8.62736,9.01669,9.40605,9.7954,10.1847,10.5741,10.9634,11.3527,11.742,12.1313,12.5206,12.9099,13.2992,13.6885,14.0779,14.4672,14.8565,15.2458,15.6351,16.0244,16.4137,16.803,17.1923,17.5816,17.9709,18.3602,18.7495,19.1389,19.5282,19.9175,20.3068,20.6961,21.0854,21.4747,21.864,22.2533,22.6426,23.0319,23.4212,23.8105,24.1999,24.5892,24.9785,25.3678,25.7571,26.1464,26.5357,26.925,27.3143,27.7037,28.093,28.4824,28.8718,29.2614,29.6511,30.0412,30.4319,30.8224,31.2045,31.5722,31.9261,32.277,32.6323,32.9888,33.3454,33.702,34.0585,34.4137,0.843263,0.894669,0.853629,0.952039,1.71206,2.56319,2.98441,2.8822,2.67469,2.60106,2.73738,3.40627,4.10989,4.7921,5.4573,6.11568,6.77095,7.42552,8.08182,8.74222,9.40906,10.0846,10.771,11.4704,12.1846,12.9155,13.6645,14.4334,15.2263,16.054,16.9184,17.8056,18.7053,19.6128,20.5249,21.4396,22.3555,23.2722,24.1892,25.1064,26.0237,26.9411,27.8585,28.7759,29.6934,30.6108,31.5283,32.4458,33.3632,34.2807,35.1982,36.1156,37.0331,37.9506,38.868,39.7855,40.703,41.6204,42.5379,43.4554,44.3728,45.2903,46.2078,47.1253,48.0427,48.9602,49.8777,50.7951,51.7126,52.6301,53.5475,54.465,55.3825,56.2999,57.2174,58.1349,59.0523,59.9698,60.8873,61.8047,62.7222,63.6397,64.5572,65.4746,66.3921,67.3096,68.2271,69.1447,70.0623,70.98,71.8979,72.8162,73.7351,74.6554,75.579,76.4969,0.847016,0.878351,0.897753,0.855038,0.82825,1.70904,2.11066,1.87246,1.75842,1.70274,1.77031,2.45732,3.15059,3.83059,4.49228,5.14903,5.80386,6.45895,7.11661,7.77926,8.44931,9.12914,9.82111,10.5275,11.2505,11.9921,12.7544,13.5391,14.3486,15.1874,16.0617,16.9648,17.8798,18.7984,19.7182,20.6377,21.5567,22.475,23.393,24.3108,25.2285,26.146,27.0635,27.981,28.8985,29.816,30.7335,31.651,32.5684,33.4859,34.4034,35.3208,36.2383,37.1558,38.0732,38.9907,39.9082,40.8256,41.7431,42.6606,43.578,44.4955,45.413,46.3304,47.2479,48.1654,49.0829,50.0003,50.9178,51.8353,52.7527,53.6702,54.5877,55.5051,56.4226,57.3401,58.2575,59.175,60.0925,61.0099,61.9274,62.8449,63.7623,64.6798,65.5973,66.5147,67.4322,68.3497,69.2671,70.1846,71.1021,72.0196,72.9372,73.855,74.7732,75.6947,0.843907,0.899408,0.866856,0.863279,0.863798,0.863815,0.856163,0.838293,1.18199,2.16826,2.86692,3.52403,4.18069,4.83568,5.49112,6.14965,6.81382,7.48616,8.1692,8.86543,9.57733,10.3073,11.0577,11.8307,12.6285,13.453,14.3048,15.1859,16.1108,17.0487,17.9814,18.9109,19.8365,20.7589,21.6792,22.5983,23.5167,24.4347,25.3525,26.2702,27.1877,28.1052,29.0227,29.9402,30.8577,31.7752,32.6926,33.6101,34.5276,35.4451,36.3625,37.28,38.1975,39.1149,40.0324,40.9499,41.8673,42.7848,43.7023,44.6197,45.5372,46.4547,47.3721,48.2896,49.2071,50.1245,51.042,51.9595,52.8769,53.7944,54.7119,55.6293,56.5468,57.4643,58.3818,59.2992,60.2167,61.1342,62.0516,62.9691,63.8865,64.804,65.7215,66.6389,67.5563,68.4737,69.391,70.3081,71.2251,72.1415,73.0573,73.9714,74.8814,75.8064,76.6474,77.4248,0.844361,0.900551,0.865284,0.838421,0.861318,1.72289,2.53953,3.25365,3.93667,4.59995,5.25269,5.90407,6.56349,7.24049,7.94459,8.68509,9.47064,10.3087,11.2046,12.1602,13.1724,14.2281,15.2802,16.2416,17.1817,18.1169,19.0446,19.9672,20.8872,21.806,22.7241,23.6418,24.5595,25.477,26.3945,27.312,28.2295,29.147,30.0645,30.9819,31.8994,32.8169,33.7343,34.6518,35.5693,36.4867,37.4042,38.3217,39.2391,40.1566,41.0741,41.9915,42.909,43.8265,44.744,45.6614,46.5789,47.4964,48.4138,49.3313,50.2488,51.1662,52.0837,53.0012,53.9186,54.8361,55.7536,56.671,57.5885,58.506,59.4234,60.3409,61.2584,62.1758,63.0933,64.0108,64.9282,65.8457,66.7631,67.6806,68.598,69.5153,70.4325,71.3496,72.2662,73.1823,74.0982,75.0218,75.9502,76.882,77.8135,78.745,79.6764,80.6077,81.5393,82.4719,0.843563,0.893509,0.852936,0.994011,1.80717,2.66446,3.46628,4.19736,4.89037,5.55951,6.21473,6.86555,7.52126,8.19079,8.88253,9.60402,10.3616,11.1595,11.9994,12.8789,13.791,14.7222,15.5999,16.4805,17.3775,18.2814,19.19,20.1021,21.0164,21.9321,22.8486,23.7655,24.6827,25.6,26.5174,27.4348,28.3522,29.2697,30.1871,31.1046,32.0221,32.9395,33.857,34.7745,35.6919,36.6094,37.5269,38.4443,39.3618,40.2793,41.1967,42.1142,43.0317,43.9492,44.8666,45.7841,46.7016,47.619,48.5365,49.454,50.3714,51.2889,52.2064,53.1238,54.0413,54.9588,55.8762,56.7937,57.7112,58.6286,59.5461,60.4636,61.381,62.2985,63.216,64.1335,65.0509,65.9684,66.8859,67.8034,68.721,