{
  "type":0,
  "device":3,

  "m":5,
  "n":96,

  "rcut":8,
  "rmax":12,

  "beta":3,
  "len":1,
  "gamma":100,
  "epsilon":10,
  "epsilon_bottom":1,
  "epsilon_top":1,
  "lambda":0,
  "mu":0,
  "sigma":1,
  "pressure":0,

  "delta":[-20, -10, 0, 10, 20],

  "sub_x":-200,
  "sub_y":110,
  "sub_h":1,
  "sub_count":400,

  "osub":-200,
  "osub_h":1,
  "osub_count":400,

  "reltol":1e-11,
  "abstol":1e-11,
  "movtol":1e-8,

  "init":[-20,-20,-20,-20,-20,-20,-20,-20,-20,-20,-20,-20,-20,-20,-20,-20,-20,-20,-20,-20,-20,-20,-20,-20,-20,-20,-20,-20,-20,-20,-20,-20,-20,-20,-20,-20,-20,-20,-20,-20,-20,-20,-20,-20,-20,-20,-20,-20,-20,-20,-20,-20,-20,-20,-20,-20,-20,-20,-20,-20,-20,-20,-20,-20,-20,-20,-20,-20,-20,-20,-20,-20,-20,-20,-20,-20,-20,-20,-20,-20,-20,-20,-20,-20,-20,-20,-20,-20,-20,-20,-20,-20,-20,-20,-20,-20,-10,-10,-10,-10,-10,-10,-10,-10,-10,-10,-10,-10,-10,-10,-10,-10,-10,-10,-10,-10,-10,-10,-10,-10,-10,-10,-10,-10,-10,-10,-10,-10,-10,-10,-10,-10,-10,-10,-10,-10,-10,-10,-10,-10,-10,-10,-10,-10,-10,-10,-10,-10,-10,-10,-10,-10,-10,-10,-10,-10,-10,-10,-10,-10,-10,-10,-10,-10,-10,-10,-10,-10,-10,-10,-10,-10,-10,-10,-10,-10,-10,-10,-10,-10,-10,-10,-10,-10,-10,-10,-10,-10,-10,-10,-10,-10,4.91868e-11,9.23829e-11,1.2609e-10,1.50719e-10,1.67152e-10,1.77149e-10,1.82504e-10,1.84616e-10,1.84404e-10,1.82368e-10,1.78713e-10,1.73457e-10,1.66531e-10,1.57862e-10,1.47439e-10,1.35361e-10,1.21854e-10,1.07263e-10,9.20219e-11,7.66093e-11,6.14983e-11,4.71142e-11,3.38041e-11,2.18192e-11,1.13128e-11,2.34795e-12,-5.08705e-12,-1.10603e-11,-1.56774e-11,-1.90655e-11,-2.13604e-11,-2.26979e-11,-2.32086e-11,-2.30159e-11,-2.22354e-11,-2.09761e-11,-1.93409e-11,-1.74274e-11,-1.53276e-11,-1.31271e-11,-1.0904e-11,-8.72665e-12,-6.65274e-12,-4.72787e-12,-2.98511e-12,-1.44522e-12,-1.17581e-13,9.98326e-13,1.91098e-12,2.63474e-12,3.18775e-12,3.59008e-12,3.86211e-12,4.02335e-12,4.09162e-12,4.08263e-12,4.00976e-12,3.8842e-12,3.71517e-12,3.51024e-12,3.27568e-12,3.01684e-12,2.73841e-12,2.44476e-12,2.14008e-12,1.82852e-12,1.5143e-12,1.20174e-12,8.95158e-13,5.98906e-13,3.17208e-13,5.40753e-14,-1.86818e-13,-4.0225e-13,-5.89553e-13,-7.46699e-13,-8.72352e-13,-9.65896e-13,-1.02742e-12,-1.0577e-12,-1.05811e-12,-1.03054e-12,-9.77306e-13,-9.01008e-13,-8.0444e-13,-6.90462e-13,-5.61895e-13,-4.21433e-13,-2.71568e-13,-1.1453e-13,4.7747e-14,2.13645e-13,3.81867e-13,5.51435e-13,7.21716e-13,8.93113e-13,10,10,10,10,10,10,10,10,10,10,10,10,10,10,10,10,10,10,10,10,10,10,10,10,10,10,10,10,10,10,10,10,10,10,10,10,10,10,10,10,10,10,10,10,10,10,10,10,10,10,10,10,10,10,10,10,10,10,10,10,10,10,10,10,10,10,10,10,10,10,10,10,10,10,10,10,10,10,10,10,10,10,10,10,10,10,10,10,10,10,10,10,10,10,10,10,20,20,20,20,20,20,20,20,20,20,20,20,20,20,20,20,20,20,20,20,20,20,20,20,20,20,20,20,20,20,20,20,20,20,20,20,20,20,20,20,20,20,20,20,20,20,20,20,20,20,20,20,20,20,20,20,20,20,20,20,20,20,20,20,20,20,20,20,20,20,20,20,20,20,20,20,20,20,20,20,20,20,20,20,20,20,20,20,20,20,20,20,20,20,20,20,0.994276,1.98799,2.97734,3.96633,4.95527,5.94421,6.93315,7.92208,8.91102,9.89995,10.8889,11.8778,12.8668,13.8557,14.8446,15.8336,16.8225,17.8114,18.8004,19.7893,20.7782,21.7672,22.7561,23.745,24.734,25.7229,26.7118,27.7008,28.6897,29.6786,30.6676,31.6565,32.6455,33.6344,34.6233,35.6123,36.6012,37.5901,38.5791,39.568,40.5569,41.5459,42.5348,43.5237,44.5127,45.5016,46.4905,47.4795,48.4684,49.4573,50.4463,51.4352,52.4241,53.4131,54.402,55.391,56.3799,57.3688,58.3578,59.3467,60.3356,61.3246,62.3135,63.3024,64.2914,65.2803,66.2692,67.2582,68.2471,69.236,70.225,71.2139,72.2028,73.1918,74.1807,75.1696,76.1586,77.1475,78.1365,79.1254,80.1143,81.1033,82.0922,83.0811,84.0701,85.059,86.0479,87.0369,88.0258,89.0147,90.0037,90.9926,91.9816,92.9706,93.96,94.9548,0.994276,1.98799,2.97734,3.96633,4.95527,5.94421,6.93315,7.92208,8.91102,9.89995,10.8889,11.8778,12.8668,13.8557,14.8446,15.8336,16.8225,17.8114,18.8004,19.7893,20.7782,21.7672,22.7561,23.745,24.734,25.7229,26.7118,27.7008,28.6897,29.6786,30.6676,31.6565,32.6455,33.6344,34.6233,35.6123,36.6012,37.5901,38.5791,39.568,40.5569,41.5459,42.5348,43.5237,44.5127,45.5016,46.4905,47.4795,48.4684,49.4573,50.4463,51.4352,52.4241,53.4131,54.402,55.391,56.3799,57.3688,58.3578,59.3467,60.3356,61.3246,62.3135,63.3024,64.2914,65.2803,66.2692,67.2582,68.2471,69.236,70.225,71.2139,72.2028,73.1918,74.1807,75.1696,76.1586,77.1475,78.1365,79.1254,80.1143,81.1033,82.0922,83.0811,84.0701,85.059,86.0479,87.0369,88.0258,89.0147,90.0037,90.9926,91.9816,92.9706,93.96,94.9548,0.994276,1.98799,2.97734,3.96633,4.95527,5.94421,6.93315,7.92208,8.91102,9.89995,10.8889,11.8778,12.8668,13.8557,14.8446,15.8336,16.8225,17.8114,18.8004,19.7893,20.7782,21.7672,22.7561,23.745,24.734,25.7229,26.7118,27.7008,28.6897,29.6786,30.6676,31.6565,32.6455,33.6344,34.6233,35.6123,36.6012,37.5901,38.5791,39.568,40.5569,41.5459,42.5348,43.5237,44.5127,45.5016,46.4905,47.4795,48.4684,49.4573,50.4463,51.4352,52.4241,53.4131,54.402,55.391,56.3799,57.3688,58.3578,59.3467,60.3356,61.3246,62.3135,63.3024,64.2914,65.2803,66.2692,67.2582,68.2471,69.236,70.225,71.2139,72.2028,73.1918,74.1807,75.1696,76.1586,77.1475,78.1365,79.1254,80.1143,81.1033,82.0922,83.0811,84.0701,85.059,86.0479,87.0369,88.0258,89.0147,90.0037,90.9926,91.9816,92.9706,93.96,94.9548,0.994276,1.98799,2.97734,3.96633,4.95527,5.94421,6.93315,7.92208,8.91102,9.89995,10.8889,11.8778,12.8668,13.8557,14.8446,15.8336,16.8225,17.8114,18.8004,19.7893,20.7782,21.7672,22.7561,23.745,24.734,25.7229,26.7118,27.7008,28.6897,29.6786,30.6676,31.6565,32.6455,33.6344,34.6233,35.6123,36.6012,37.5901,38.5791,39.568,40.5569,41.5459,42.5348,43.5237,44.5127,45.5016,46.4905,47.4795,48.4684,49.4573,50.4463,51.4352,52.4241,53.4131,54.402,55.391,56.3799,57.3688,58.3578,59.3467,60.3356,61.3246,62.3135,63.3024,64.2914,65.2803,66.2692,67.2582,68.2471,69.236,70.225,71.2139,72.2028,73.1918,74.1807,75.1696,76.1586,77.1475,78.1365,79.1254,80.1143,81.1033,82.0922,83.0811,84.0701,85.059,86.0479,87.0369,88.0258,89.0147,90.0037,90.9926,91.9816,92.9706,93.96,94.9548,0.994276,1.98799,2.97734,3.96633,4.95527,5.94421,6.93315,7.92208,8.91102,9.89995,10.8889,11.8778,12.8668,13.8557,14.8446,15.8336,16.8225,17.8114,18.8004,19.7893,20.7782,21.7672,22.7561,23.745,24.734,25.7229,26.7118,27.7008,28.6897,29.6786,30.6676,31.6565,32.6455,33.6344,34.6233,35.6123,36.6012,37.5901,38.5791,39.568,40.5569,41.5459,42.5348,43.5237,44.5127,45.5016,46.4905,47.4795,48.4684,49.4573,50.4463,51.4352,52.4241,53.4131,54.402,55.391,56.3799,57.3688,58.3578,59.3467,60.3356,61.3246,62.3135,63.3024,64.2914,65.2803,66.2692,67.2582,68.2471,69.236,70.225,71.2139,72.2028,73.1918,74.1807,75.1696,76.1586,77.1475,78.1365,79.1254,80.1143,81.1033,82.0922,83.0811,84.0701,85.059,86.0479,87.0369,88.0258,89.0147,90.0037,90.9926,91.9816,92.9706,93.96,94.9548,-200,110],

  "range":[ 0, 4, 180 ],
  "range2":[1, 1, 11],

  "save":0
}

