{
  "type":1,
  "device":3,

  "m":1,
  "n":32,

  "rcut":8,
  "rmax":12,

  "beta":100,
  "len":1,
  "gamma":1000,
  "epsilon":1,
  "epsilon_bottom":1,
  "epsilon_top":1,
  "lambda":0,
  "mu":0,
  "sigma":1,
  "pressure":0,

  "delta":[0],

  "sub_x":-100,
  "sub_y":1,
  "sub_h":1,
  "sub_count":200,

  "osub":-100,
  "osub_h":1,
  "osub_count":200,

  "reltol":1e-11,
  "abstol":1e-11,
  "movtol":1e-8,

  "init":[-0.591623,-1.55186,-2.54628,-3.54056,-4.53642,-5.53318,-6.53047,-7.52818,-8.52624,-9.52458,-10.5232,-11.522,-12.521,-13.5201,-14.5193,-15.5187,-16.5182,-17.5177,-18.5173,-19.517,-20.5167,-21.5164,-22.5162,-23.516,-24.5159,-25.5157,-26.5156,-27.5155,-28.5154,-29.5152,-30.5151,-31.5151,0.781877,1.00349,0.968327,0.912517,0.884814,0.877972,0.878795,0.880486,0.881299,0.881416,0.881273,0.881108,0.880985,0.8809,0.880836,0.880783,0.880737,0.880697,0.880663,0.880633,0.880608,0.880586,0.880568,0.880551,0.880537,0.880524,0.880513,0.880502,0.880492,0.880484,0.880476,0.88047,-100.03,1.76095],
  "range":[ 0, 4, 180 ]

}
