{
  "type":2,
  "device":3,

  "m":1,
  "n":32,

  "rcut":8,
  "rmax":12,

  "beta":10,
  "len":1,
  "gamma":100,
  "lambda":0,
  "mu":0,
  "sigma":1,
  "pressure":0,

  "epsilon":1,
  "epsilon_bottom":1,
  "epsilon_top":0.1,
  "epsilon_subs":0,

  "f2f_switch":true,
  "f2l_switch":true,
  "f2u_switch":true,
  "s2s_switch":false,

  "delta":[0],

  "sub_x":-100,
  "sub_y":41,
  "sub_h":1,
  "sub_count":200,

  "osub":-100,
  "osub_h":1,
  "osub_count":200,

  "reltol":1e-11,
  "abstol":1e-11,
  "movtol":1e-8,

  "range":[ 0, 4, 180 ],
  "range2":[3, 0.1, 12],

  "init":[1.59905e-12,4.22534e-12,7.73901e-12,1.21034e-11,1.73291e-11,2.34683e-11,3.06059e-11,3.88433e-11,4.82831e-11,5.90158e-11,7.11094e-11,8.4602e-11,9.94986e-11,1.15771e-10,1.33359e-10,1.52177e-10,1.72118e-10,1.93062e-10,2.14878e-10,2.37437e-10,2.60611e-10,2.8428e-10,3.08338e-10,3.32688e-10,3.57251e-10,3.81961e-10,4.06767e-10,4.3163e-10,4.56523e-10,4.81431e-10,5.06345e-10,5.31272e-10,0.994288,1.99276,2.99166,3.99062,4.98958,5.98855,6.98752,7.98649,8.98545,9.98442,10.9834,11.9824,12.9813,13.9803,14.9793,15.9782,16.9772,17.9762,18.9751,19.9741,20.9731,21.972,22.971,23.97,24.9689,25.9679,26.9669,27.9658,28.9648,29.9638,30.9628,31.9623,-100,41],
  "save":3
}
