{
  "type":1,
  "device":3,

  "m":1,
  "n":32,

  "rcut":8,
  "rmax":12,

  "beta":1,
  "len":1,
  "gamma":100,
  "epsilon":1,
  "epsilon_bottom":0.1,
  "epsilon_top":0.1,
  "lambda":0,
  "mu":0,
  "sigma":1,
  "pressure":0,

  "delta":[0],

  "sub_x":-100,
  "sub_y":1,
  "sub_h":1,
  "sub_count":200,

  "osub":-100,
  "osub_h":1,
  "osub_count":200,

  "reltol":1e-11,
  "abstol":1e-11,
  "movtol":1e-8,

  "init":[-0.537129,-1.52946,-2.52471,-3.52131,-4.51852,-5.51619,-6.51426,-7.51266,-8.51132,-9.51021,-10.5093,-11.5085,-12.5079,-13.5073,-14.5068,-15.5064,-16.5061,-17.5058,-18.5055,-19.5052,-20.505,-21.5047,-22.5045,-23.5042,-24.5039,-25.5036,-26.5032,-27.5027,-28.5022,-29.5016,-30.5009,-31.5006,0.837477,0.911321,0.872517,0.865185,0.865632,0.865891,0.865859,0.865805,0.865766,0.865734,0.865708,0.865686,0.865667,0.865652,0.865639,0.865627,0.865617,0.865608,0.8656,0.865593,0.865586,0.865579,0.865571,0.865564,0.865555,0.865546,0.865535,0.865522,0.865507,0.865489,0.865471,0.86546,-100.01,1.73117],
  "range":[ 0, 4, 180 ]

}
