{
  "type":2,
  "device":3,

  "m":1,
  "n":32,

  "rcut":8,
  "rmax":12,

  "beta":10,
  "len":1,
  "gamma":100,
  "lambda":0,
  "mu":0,
  "sigma":1,
  "pressure":0,

  "epsilon":1,
  "epsilon_bottom":0.1,
  "epsilon_top":0.1,
  "epsilon_subs":0,

  "f2f_switch":true,
  "f2l_switch":true,
  "f2u_switch":true,
  "s2s_switch":false,

  "delta":[0],

  "sub_x":-100,
  "sub_y":41,
  "sub_h":1,
  "sub_count":200,

  "osub":-100,
  "osub_h":1,
  "osub_count":200,

  "reltol":1e-11,
  "abstol":1e-11,
  "movtol":1e-8,

  "range":[ 0, 4, 180 ],

  "init":[1.55111e-12,4.51667e-12,8.83809e-12,1.44592e-11,2.13239e-11,2.93779e-11,3.85688e-11,4.88471e-11,6.01662e-11,7.24824e-11,8.57549e-11,9.99455e-11,1.15018e-10,1.30939e-10,1.47673e-10,1.65188e-10,1.83448e-10,2.02417e-10,2.22057e-10,2.42323e-10,2.63172e-10,2.84552e-10,3.06411e-10,3.28693e-10,3.51338e-10,3.74286e-10,3.97478e-10,4.20857e-10,4.44367e-10,4.67961e-10,4.91601e-10,5.15268e-10,0.999248,1.99865,2.99765,3.99662,4.99559,5.99456,6.99353,7.99249,8.99146,9.99043,10.9894,11.9884,12.9873,13.9863,14.9853,15.9842,16.9832,17.9822,18.9811,19.9801,20.9791,21.978,22.977,23.976,24.975,25.9739,26.9729,27.9719,28.9708,29.9698,30.9688,31.9683,-100,41],
  "save":4
}
