{
  "type":1,
  "device":3,

  "m":1,
  "n":32,

  "rcut":8,
  "rmax":12,

  "beta":1,
  "len":1,
  "gamma":100,
  "epsilon":1,
  "epsilon_bottom":1,
  "epsilon_top":1,
  "lambda":0,
  "mu":0,
  "sigma":1,
  "pressure":10,

  "delta":[0],

  "sub_x":-100,
  "sub_y":1,
  "sub_h":1,
  "sub_count":200,

  "osub":-100,
  "osub_h":1,
  "osub_count":0,

  "reltol":1e-11,
  "abstol":1e-11,
  "movtol":1e-8,

  "init":[-0.47976,-1.47952,-2.47906,-3.47874,-4.47853,-5.47839,-6.4783,-7.47824,-8.47821,-9.47818,-10.4782,-11.4782,-12.4781,-13.4781,-14.4781,-15.4781,-16.4781,-17.4781,-18.4781,-19.4781,-20.4781,-21.4781,-22.4781,-23.4781,-24.478,-25.478,-26.4779,-27.4777,-28.4775,-29.4772,-30.4767,-31.4765,0.888573,0.891891,0.890899,0.890895,0.890896,0.890896,0.890896,0.890896,0.890896,0.890896,0.890896,0.890896,0.890896,0.890896,0.890896,0.890896,0.890896,0.890896,0.890896,0.890896,0.890896,0.890896,0.890896,0.890896,0.890896,0.890896,0.890896,0.890896,0.890896,0.890896,0.890895,0.890895,-99.9781,1.75455],
  "range":[ 0, 4, 180 ]

}
