{
  "type":1,
  "device":3,

  "m":1,
  "n":32,

  "rcut":8,
  "rmax":12,

  "beta":1,
  "len":1,
  "gamma":100,
  "epsilon":1,
  "epsilon_bottom":1,
  "epsilon_top":10,
  "lambda":0,
  "mu":0,
  "sigma":1,
  "pressure":0,

  "delta":[0],

  "sub_x":-100,
  "sub_y":1,
  "sub_h":1,
  "sub_count":200,

  "osub":-100,
  "osub_h":1,
  "osub_count":200,

  "reltol":1e-11,
  "abstol":1e-11,
  "movtol":1e-8,

  "init":[-0.502884,-1.50147,-2.50098,-3.50084,-4.5008,-5.50079,-6.50078,-7.50078,-8.50078,-9.50078,-10.5008,-11.5008,-12.5008,-13.5008,-14.5008,-15.5008,-16.5008,-17.5008,-18.5008,-19.5008,-20.5008,-21.5008,-22.5008,-23.5008,-24.5008,-25.5008,-26.5008,-27.5008,-28.5008,-29.5007,-30.5006,-31.5006,0.862269,0.864872,0.86366,0.863654,0.863655,0.863655,0.863655,0.863655,0.863655,0.863655,0.863655,0.863655,0.863655,0.863655,0.863655,0.863655,0.863655,0.863655,0.863655,0.863655,0.863655,0.863655,0.863655,0.863655,0.863655,0.863655,0.863655,0.863655,0.863655,0.863655,0.863655,0.863655,-100.001,1.72734],
  "range":[ 0, 4, 180 ]

}
